/*
Navicat MySQL Data Transfer

Source Server         : DB
Source Server Version : 50532
Source Host           : 127.0.0.1:3306
Source Database       : fixt

Target Server Type    : MYSQL
Target Server Version : 50532
File Encoding         : 65001

Date: 2013-11-27 23:43:33
*/

SET FOREIGN_KEY_CHECKS=0;
-- ----------------------------
-- Table structure for `confederacion`
-- ----------------------------
DROP TABLE IF EXISTS `confederacion`;
CREATE TABLE `confederacion` (
  `id` int(11) NOT NULL AUTO_INCREMENT,
  `confederacion` varchar(255) COLLATE utf8_spanish_ci DEFAULT NULL,
  `siglas` varchar(255) COLLATE utf8_spanish_ci DEFAULT NULL,
  PRIMARY KEY (`id`)
) ENGINE=InnoDB AUTO_INCREMENT=3 DEFAULT CHARSET=utf8 COLLATE=utf8_spanish_ci;

-- ----------------------------
-- Records of confederacion
-- ----------------------------
INSERT INTO `confederacion` VALUES ('1', 'Confederación Sudamericana de Fútbol', 'CONMEBOL');
INSERT INTO `confederacion` VALUES ('2', 'UEFA', 'UEFA');

-- ----------------------------
-- Table structure for `equipos`
-- ----------------------------
DROP TABLE IF EXISTS `equipos`;
CREATE TABLE `equipos` (
  `id` int(11) NOT NULL AUTO_INCREMENT,
  `equipo` varchar(255) COLLATE utf8_spanish_ci DEFAULT NULL,
  `str` decimal(10,0) DEFAULT NULL,
  `torneo` int(11) DEFAULT NULL,
  `pais` int(3) DEFAULT NULL,
  PRIMARY KEY (`id`)
) ENGINE=InnoDB AUTO_INCREMENT=45 DEFAULT CHARSET=utf8 COLLATE=utf8_spanish_ci;

-- ----------------------------
-- Records of equipos
-- ----------------------------
INSERT INTO `equipos` VALUES ('1', 'Olimpia', '40', '1', '1');
INSERT INTO `equipos` VALUES ('2', 'Cerro Porteño', '40', '1', '1');
INSERT INTO `equipos` VALUES ('3', 'Libertad', '30', '1', '1');
INSERT INTO `equipos` VALUES ('4', 'Nacional', '30', '1', '1');
INSERT INTO `equipos` VALUES ('5', 'Guarani', '30', '1', '1');
INSERT INTO `equipos` VALUES ('6', 'Sp. Luqueño', '22', '1', '1');
INSERT INTO `equipos` VALUES ('7', 'Rubio Ñu', '19', '1', '1');
INSERT INTO `equipos` VALUES ('8', 'Carapeguá', '15', '1', '1');
INSERT INTO `equipos` VALUES ('9', 'Cerro PF', '15', '1', '1');
INSERT INTO `equipos` VALUES ('10', 'Gral. Diaz', '25', '1', '1');
INSERT INTO `equipos` VALUES ('11', 'Dvo. Capiata', '25', '1', '1');
INSERT INTO `equipos` VALUES ('12', 'Sol de America', '22', '1', '1');
INSERT INTO `equipos` VALUES ('13', '3 de Febrero', '15', '2', '1');
INSERT INTO `equipos` VALUES ('14', '12 de Octubre', '15', '2', '1');
INSERT INTO `equipos` VALUES ('15', 'Sp. Trinidense', '15', '2', '1');
INSERT INTO `equipos` VALUES ('16', 'Tacuary', '14', '2', '1');
INSERT INTO `equipos` VALUES ('17', 'Sp. Colombia', '14', '2', '1');
INSERT INTO `equipos` VALUES ('18', 'Independiente GC', '13', '2', '1');
INSERT INTO `equipos` VALUES ('19', 'Paranaense', '13', '2', '1');
INSERT INTO `equipos` VALUES ('20', 'Gral. Caballero', '15', '2', '1');
INSERT INTO `equipos` VALUES ('21', 'Caacupé FBC', '12', '2', '1');
INSERT INTO `equipos` VALUES ('22', 'Fernando de la Mora', '9', '2', '1');
INSERT INTO `equipos` VALUES ('23', 'Resistencia', '12', '2', '1');
INSERT INTO `equipos` VALUES ('24', 'Dvo. Santaní', '12', '2', '1');
INSERT INTO `equipos` VALUES ('25', 'River Plate', '11', '2', '1');
INSERT INTO `equipos` VALUES ('26', 'San Lorenzo', '10', '2', '1');
INSERT INTO `equipos` VALUES ('27', 'Martín Ledesma', '9', '2', '1');
INSERT INTO `equipos` VALUES ('28', '2 de Mayo', '9', '2', '1');
INSERT INTO `equipos` VALUES ('29', 'Peñarol', '45', '3', '2');
INSERT INTO `equipos` VALUES ('30', 'Defensor Sporting', '40', '3', '2');
INSERT INTO `equipos` VALUES ('31', 'Nacional', '45', '3', '2');
INSERT INTO `equipos` VALUES ('32', 'River Plate', '30', '3', '2');
INSERT INTO `equipos` VALUES ('33', 'El Tanque Sisley', '25', '3', '2');
INSERT INTO `equipos` VALUES ('34', 'Wanderers', '25', '3', '2');
INSERT INTO `equipos` VALUES ('35', 'Fénix', '20', '3', '2');
INSERT INTO `equipos` VALUES ('36', 'Juventud', '20', '3', '2');
INSERT INTO `equipos` VALUES ('37', 'Racing', '15', '3', '2');
INSERT INTO `equipos` VALUES ('38', 'Cerro', '15', '3', '2');
INSERT INTO `equipos` VALUES ('39', 'Danubio', '15', '3', '2');
INSERT INTO `equipos` VALUES ('40', 'Liverpool', '12', '3', '2');
INSERT INTO `equipos` VALUES ('41', 'Bella Vista', '12', '3', '2');
INSERT INTO `equipos` VALUES ('42', 'Central Español', '10', '3', '2');
INSERT INTO `equipos` VALUES ('43', 'Progreso', '10', '3', '2');
INSERT INTO `equipos` VALUES ('44', 'Cerro Largo', '10', '3', '2');

-- ----------------------------
-- Table structure for `pais`
-- ----------------------------
DROP TABLE IF EXISTS `pais`;
CREATE TABLE `pais` (
  `id` int(11) NOT NULL AUTO_INCREMENT,
  `pais` varchar(255) COLLATE utf8_spanish_ci DEFAULT NULL,
  `siglas` varchar(3) COLLATE utf8_spanish_ci DEFAULT NULL,
  `str` int(11) DEFAULT NULL,
  `confederacion` int(11) DEFAULT NULL,
  `bandera` varchar(255) COLLATE utf8_spanish_ci DEFAULT NULL,
  PRIMARY KEY (`id`)
) ENGINE=InnoDB AUTO_INCREMENT=3 DEFAULT CHARSET=utf8 COLLATE=utf8_spanish_ci;

-- ----------------------------
-- Records of pais
-- ----------------------------
INSERT INTO `pais` VALUES ('1', 'Paraguay', 'PAR', '0', '1', 'py');
INSERT INTO `pais` VALUES ('2', 'Uruguay', 'URU', '0', '1', 'uy');

-- ----------------------------
-- Table structure for `partidos`
-- ----------------------------
DROP TABLE IF EXISTS `partidos`;
CREATE TABLE `partidos` (
  `id` int(11) NOT NULL AUTO_INCREMENT,
  `torneo` int(11) DEFAULT NULL,
  `eqloc` int(11) DEFAULT NULL,
  `eqvis` int(11) DEFAULT NULL,
  `gloc` int(11) DEFAULT '0',
  `gvis` int(11) DEFAULT '0',
  `estado` set('pendiente','jugado') COLLATE utf8_spanish_ci DEFAULT NULL,
  PRIMARY KEY (`id`)
) ENGINE=InnoDB AUTO_INCREMENT=1777 DEFAULT CHARSET=utf8 COLLATE=utf8_spanish_ci;

-- ----------------------------
-- Records of partidos
-- ----------------------------
INSERT INTO `partidos` VALUES ('1', '3', '18', '21', '1', '2', 'jugado');
INSERT INTO `partidos` VALUES ('2', '3', '23', '19', '1', '2', 'jugado');
INSERT INTO `partidos` VALUES ('3', '3', '28', '15', '1', '2', 'jugado');
INSERT INTO `partidos` VALUES ('4', '3', '27', '17', '0', '3', 'jugado');
INSERT INTO `partidos` VALUES ('5', '3', '16', '20', '1', '2', 'jugado');
INSERT INTO `partidos` VALUES ('6', '3', '26', '14', '1', '1', 'jugado');
INSERT INTO `partidos` VALUES ('7', '3', '22', '13', '0', '0', 'jugado');
INSERT INTO `partidos` VALUES ('8', '3', '24', '25', '1', '2', 'jugado');
INSERT INTO `partidos` VALUES ('9', '3', '21', '25', '2', '2', 'jugado');
INSERT INTO `partidos` VALUES ('10', '3', '13', '24', '1', '2', 'jugado');
INSERT INTO `partidos` VALUES ('11', '3', '14', '22', '4', '0', 'jugado');
INSERT INTO `partidos` VALUES ('12', '3', '20', '26', '1', '1', 'jugado');
INSERT INTO `partidos` VALUES ('13', '3', '17', '16', '2', '1', 'jugado');
INSERT INTO `partidos` VALUES ('14', '3', '15', '27', '3', '0', 'jugado');
INSERT INTO `partidos` VALUES ('15', '3', '19', '28', '5', '2', 'jugado');
INSERT INTO `partidos` VALUES ('16', '3', '18', '23', '3', '0', 'jugado');
INSERT INTO `partidos` VALUES ('17', '3', '23', '21', '2', '0', 'jugado');
INSERT INTO `partidos` VALUES ('18', '3', '28', '18', '2', '2', 'jugado');
INSERT INTO `partidos` VALUES ('19', '3', '27', '19', '2', '1', 'jugado');
INSERT INTO `partidos` VALUES ('20', '3', '16', '15', '2', '2', 'jugado');
INSERT INTO `partidos` VALUES ('21', '3', '26', '17', '1', '1', 'jugado');
INSERT INTO `partidos` VALUES ('22', '3', '22', '20', '1', '1', 'jugado');
INSERT INTO `partidos` VALUES ('23', '3', '24', '14', '10', '0', 'jugado');
INSERT INTO `partidos` VALUES ('24', '3', '25', '13', '2', '2', 'jugado');
INSERT INTO `partidos` VALUES ('25', '3', '21', '13', '0', '4', 'jugado');
INSERT INTO `partidos` VALUES ('26', '3', '14', '25', '1', '0', 'jugado');
INSERT INTO `partidos` VALUES ('27', '3', '20', '24', '4', '0', 'jugado');
INSERT INTO `partidos` VALUES ('28', '3', '17', '22', '5', '1', 'jugado');
INSERT INTO `partidos` VALUES ('29', '3', '15', '26', '1', '0', 'jugado');
INSERT INTO `partidos` VALUES ('30', '3', '19', '16', '1', '1', 'jugado');
INSERT INTO `partidos` VALUES ('31', '3', '18', '27', '1', '1', 'jugado');
INSERT INTO `partidos` VALUES ('32', '3', '23', '28', '1', '1', 'jugado');
INSERT INTO `partidos` VALUES ('33', '3', '28', '21', '2', '0', 'jugado');
INSERT INTO `partidos` VALUES ('34', '3', '27', '23', '1', '1', 'jugado');
INSERT INTO `partidos` VALUES ('35', '3', '16', '18', '1', '1', 'jugado');
INSERT INTO `partidos` VALUES ('36', '3', '26', '19', '1', '1', 'jugado');
INSERT INTO `partidos` VALUES ('37', '3', '22', '15', '0', '1', 'jugado');
INSERT INTO `partidos` VALUES ('38', '3', '24', '17', '1', '1', 'jugado');
INSERT INTO `partidos` VALUES ('39', '3', '25', '20', '0', '1', 'jugado');
INSERT INTO `partidos` VALUES ('40', '3', '13', '14', '2', '2', 'jugado');
INSERT INTO `partidos` VALUES ('41', '3', '21', '14', '1', '1', 'jugado');
INSERT INTO `partidos` VALUES ('42', '3', '20', '13', '0', '0', 'jugado');
INSERT INTO `partidos` VALUES ('43', '3', '17', '25', '2', '0', 'jugado');
INSERT INTO `partidos` VALUES ('44', '3', '15', '24', '0', '0', 'jugado');
INSERT INTO `partidos` VALUES ('45', '3', '19', '22', '2', '1', 'jugado');
INSERT INTO `partidos` VALUES ('46', '3', '18', '26', '1', '3', 'jugado');
INSERT INTO `partidos` VALUES ('47', '3', '23', '16', '1', '2', 'jugado');
INSERT INTO `partidos` VALUES ('48', '3', '28', '27', '1', '0', 'jugado');
INSERT INTO `partidos` VALUES ('49', '3', '27', '21', '1', '1', 'jugado');
INSERT INTO `partidos` VALUES ('50', '3', '16', '28', '1', '3', 'jugado');
INSERT INTO `partidos` VALUES ('51', '3', '26', '23', '1', '1', 'jugado');
INSERT INTO `partidos` VALUES ('52', '3', '22', '18', '2', '1', 'jugado');
INSERT INTO `partidos` VALUES ('53', '3', '24', '19', '1', '1', 'jugado');
INSERT INTO `partidos` VALUES ('54', '3', '25', '15', '1', '1', 'jugado');
INSERT INTO `partidos` VALUES ('55', '3', '13', '17', '1', '1', 'jugado');
INSERT INTO `partidos` VALUES ('56', '3', '14', '20', '2', '0', 'jugado');
INSERT INTO `partidos` VALUES ('57', '3', '21', '20', '0', '1', 'jugado');
INSERT INTO `partidos` VALUES ('58', '3', '17', '14', '1', '0', 'jugado');
INSERT INTO `partidos` VALUES ('59', '3', '15', '13', '1', '1', 'jugado');
INSERT INTO `partidos` VALUES ('60', '3', '19', '25', '2', '3', 'jugado');
INSERT INTO `partidos` VALUES ('61', '3', '18', '24', '3', '2', 'jugado');
INSERT INTO `partidos` VALUES ('62', '3', '23', '22', '1', '0', 'jugado');
INSERT INTO `partidos` VALUES ('63', '3', '28', '26', '2', '2', 'jugado');
INSERT INTO `partidos` VALUES ('64', '3', '27', '16', '0', '0', 'jugado');
INSERT INTO `partidos` VALUES ('65', '3', '16', '21', '2', '2', 'jugado');
INSERT INTO `partidos` VALUES ('66', '3', '26', '27', '3', '2', 'jugado');
INSERT INTO `partidos` VALUES ('67', '3', '22', '28', '1', '1', 'jugado');
INSERT INTO `partidos` VALUES ('68', '3', '24', '23', '0', '1', 'jugado');
INSERT INTO `partidos` VALUES ('69', '3', '25', '18', '2', '0', 'jugado');
INSERT INTO `partidos` VALUES ('70', '3', '13', '19', '2', '2', 'jugado');
INSERT INTO `partidos` VALUES ('71', '3', '14', '15', '1', '1', 'jugado');
INSERT INTO `partidos` VALUES ('72', '3', '20', '17', '0', '1', 'jugado');
INSERT INTO `partidos` VALUES ('73', '3', '21', '17', '3', '0', 'jugado');
INSERT INTO `partidos` VALUES ('74', '3', '15', '20', '1', '0', 'jugado');
INSERT INTO `partidos` VALUES ('75', '3', '19', '14', '1', '3', 'jugado');
INSERT INTO `partidos` VALUES ('76', '3', '18', '13', '1', '2', 'jugado');
INSERT INTO `partidos` VALUES ('77', '3', '23', '25', '3', '2', 'jugado');
INSERT INTO `partidos` VALUES ('78', '3', '28', '24', '1', '2', 'jugado');
INSERT INTO `partidos` VALUES ('79', '3', '27', '22', '2', '1', 'jugado');
INSERT INTO `partidos` VALUES ('80', '3', '16', '26', '1', '0', 'jugado');
INSERT INTO `partidos` VALUES ('81', '3', '26', '21', '3', '0', 'jugado');
INSERT INTO `partidos` VALUES ('82', '3', '22', '16', '0', '2', 'jugado');
INSERT INTO `partidos` VALUES ('83', '3', '24', '27', '1', '3', 'jugado');
INSERT INTO `partidos` VALUES ('84', '3', '25', '28', '1', '1', 'jugado');
INSERT INTO `partidos` VALUES ('85', '3', '13', '23', '4', '2', 'jugado');
INSERT INTO `partidos` VALUES ('86', '3', '14', '18', '2', '2', 'jugado');
INSERT INTO `partidos` VALUES ('87', '3', '20', '19', '2', '1', 'jugado');
INSERT INTO `partidos` VALUES ('88', '3', '17', '15', '0', '0', 'jugado');
INSERT INTO `partidos` VALUES ('89', '3', '21', '15', '1', '0', 'jugado');
INSERT INTO `partidos` VALUES ('90', '3', '19', '17', '2', '1', 'jugado');
INSERT INTO `partidos` VALUES ('91', '3', '18', '20', '0', '4', 'jugado');
INSERT INTO `partidos` VALUES ('92', '3', '23', '14', '3', '0', 'jugado');
INSERT INTO `partidos` VALUES ('93', '3', '28', '13', '2', '2', 'jugado');
INSERT INTO `partidos` VALUES ('94', '3', '27', '25', '2', '1', 'jugado');
INSERT INTO `partidos` VALUES ('95', '3', '16', '24', '1', '2', 'jugado');
INSERT INTO `partidos` VALUES ('96', '3', '26', '22', '1', '0', 'jugado');
INSERT INTO `partidos` VALUES ('97', '3', '22', '21', '0', '3', 'jugado');
INSERT INTO `partidos` VALUES ('98', '3', '24', '26', '2', '3', 'jugado');
INSERT INTO `partidos` VALUES ('99', '3', '25', '16', '1', '4', 'jugado');
INSERT INTO `partidos` VALUES ('100', '3', '13', '27', '3', '2', 'jugado');
INSERT INTO `partidos` VALUES ('101', '3', '14', '28', '1', '2', 'jugado');
INSERT INTO `partidos` VALUES ('102', '3', '20', '23', '2', '1', 'jugado');
INSERT INTO `partidos` VALUES ('103', '3', '17', '18', '5', '0', 'jugado');
INSERT INTO `partidos` VALUES ('104', '3', '15', '19', '2', '2', 'jugado');
INSERT INTO `partidos` VALUES ('105', '3', '21', '19', '1', '1', 'jugado');
INSERT INTO `partidos` VALUES ('106', '3', '18', '15', '4', '2', 'jugado');
INSERT INTO `partidos` VALUES ('107', '3', '23', '17', '1', '1', 'jugado');
INSERT INTO `partidos` VALUES ('108', '3', '28', '20', '1', '1', 'jugado');
INSERT INTO `partidos` VALUES ('109', '3', '27', '14', '1', '1', 'jugado');
INSERT INTO `partidos` VALUES ('110', '3', '16', '13', '1', '2', 'jugado');
INSERT INTO `partidos` VALUES ('111', '3', '26', '25', '0', '3', 'jugado');
INSERT INTO `partidos` VALUES ('112', '3', '22', '24', '1', '0', 'jugado');
INSERT INTO `partidos` VALUES ('113', '3', '24', '21', '0', '1', 'jugado');
INSERT INTO `partidos` VALUES ('114', '3', '25', '22', '3', '1', 'jugado');
INSERT INTO `partidos` VALUES ('115', '3', '13', '26', '1', '2', 'jugado');
INSERT INTO `partidos` VALUES ('116', '3', '14', '16', '4', '3', 'jugado');
INSERT INTO `partidos` VALUES ('117', '3', '20', '27', '4', '1', 'jugado');
INSERT INTO `partidos` VALUES ('118', '3', '17', '28', '3', '3', 'jugado');
INSERT INTO `partidos` VALUES ('119', '3', '15', '23', '0', '2', 'jugado');
INSERT INTO `partidos` VALUES ('120', '3', '19', '18', '3', '0', 'jugado');
INSERT INTO `partidos` VALUES ('121', '3', '21', '24', '1', '2', 'jugado');
INSERT INTO `partidos` VALUES ('122', '3', '22', '25', '2', '1', 'jugado');
INSERT INTO `partidos` VALUES ('123', '3', '26', '13', '2', '1', 'jugado');
INSERT INTO `partidos` VALUES ('124', '3', '16', '14', '1', '1', 'jugado');
INSERT INTO `partidos` VALUES ('125', '3', '27', '20', '0', '0', 'jugado');
INSERT INTO `partidos` VALUES ('126', '3', '28', '17', '1', '0', 'jugado');
INSERT INTO `partidos` VALUES ('127', '3', '23', '15', '2', '2', 'jugado');
INSERT INTO `partidos` VALUES ('128', '3', '18', '19', '1', '0', 'jugado');
INSERT INTO `partidos` VALUES ('129', '3', '19', '21', '4', '3', 'jugado');
INSERT INTO `partidos` VALUES ('130', '3', '15', '18', '3', '2', 'jugado');
INSERT INTO `partidos` VALUES ('131', '3', '17', '23', '0', '4', 'jugado');
INSERT INTO `partidos` VALUES ('132', '3', '20', '28', '1', '2', 'jugado');
INSERT INTO `partidos` VALUES ('133', '3', '14', '27', '1', '0', 'jugado');
INSERT INTO `partidos` VALUES ('134', '3', '13', '16', '1', '0', 'jugado');
INSERT INTO `partidos` VALUES ('135', '3', '25', '26', '3', '1', 'jugado');
INSERT INTO `partidos` VALUES ('136', '3', '24', '22', '1', '1', 'jugado');
INSERT INTO `partidos` VALUES ('137', '3', '21', '22', '1', '1', 'jugado');
INSERT INTO `partidos` VALUES ('138', '3', '26', '24', '1', '2', 'jugado');
INSERT INTO `partidos` VALUES ('139', '3', '16', '25', '0', '2', 'jugado');
INSERT INTO `partidos` VALUES ('140', '3', '27', '13', '3', '2', 'jugado');
INSERT INTO `partidos` VALUES ('141', '3', '28', '14', '0', '2', 'jugado');
INSERT INTO `partidos` VALUES ('142', '3', '23', '20', '1', '1', 'jugado');
INSERT INTO `partidos` VALUES ('143', '3', '18', '17', '1', '0', 'jugado');
INSERT INTO `partidos` VALUES ('144', '3', '19', '15', '1', '0', 'jugado');
INSERT INTO `partidos` VALUES ('145', '3', '15', '21', '0', '1', 'jugado');
INSERT INTO `partidos` VALUES ('146', '3', '17', '19', '1', '0', 'jugado');
INSERT INTO `partidos` VALUES ('147', '3', '20', '18', '2', '1', 'jugado');
INSERT INTO `partidos` VALUES ('148', '3', '14', '23', '1', '2', 'jugado');
INSERT INTO `partidos` VALUES ('149', '3', '13', '28', '1', '0', 'jugado');
INSERT INTO `partidos` VALUES ('150', '3', '25', '27', '0', '0', 'jugado');
INSERT INTO `partidos` VALUES ('151', '3', '24', '16', '2', '0', 'jugado');
INSERT INTO `partidos` VALUES ('152', '3', '22', '26', '5', '1', 'jugado');
INSERT INTO `partidos` VALUES ('153', '3', '21', '26', '2', '1', 'jugado');
INSERT INTO `partidos` VALUES ('154', '3', '16', '22', '2', '2', 'jugado');
INSERT INTO `partidos` VALUES ('155', '3', '27', '24', '1', '3', 'jugado');
INSERT INTO `partidos` VALUES ('156', '3', '28', '25', '1', '4', 'jugado');
INSERT INTO `partidos` VALUES ('157', '3', '23', '13', '1', '2', 'jugado');
INSERT INTO `partidos` VALUES ('158', '3', '18', '14', '1', '1', 'jugado');
INSERT INTO `partidos` VALUES ('159', '3', '19', '20', '1', '1', 'jugado');
INSERT INTO `partidos` VALUES ('160', '3', '15', '17', '0', '1', 'jugado');
INSERT INTO `partidos` VALUES ('161', '3', '17', '21', '1', '2', 'jugado');
INSERT INTO `partidos` VALUES ('162', '3', '20', '15', '1', '2', 'jugado');
INSERT INTO `partidos` VALUES ('163', '3', '14', '19', '0', '1', 'jugado');
INSERT INTO `partidos` VALUES ('164', '3', '13', '18', '0', '0', 'jugado');
INSERT INTO `partidos` VALUES ('165', '3', '25', '23', '0', '1', 'jugado');
INSERT INTO `partidos` VALUES ('166', '3', '24', '28', '2', '1', 'jugado');
INSERT INTO `partidos` VALUES ('167', '3', '22', '27', '0', '5', 'jugado');
INSERT INTO `partidos` VALUES ('168', '3', '26', '16', '1', '2', 'jugado');
INSERT INTO `partidos` VALUES ('169', '3', '21', '16', '4', '1', 'jugado');
INSERT INTO `partidos` VALUES ('170', '3', '27', '26', '0', '1', 'jugado');
INSERT INTO `partidos` VALUES ('171', '3', '28', '22', '3', '1', 'jugado');
INSERT INTO `partidos` VALUES ('172', '3', '23', '24', '1', '1', 'jugado');
INSERT INTO `partidos` VALUES ('173', '3', '18', '25', '3', '1', 'jugado');
INSERT INTO `partidos` VALUES ('174', '3', '19', '13', '0', '1', 'jugado');
INSERT INTO `partidos` VALUES ('175', '3', '15', '14', '4', '1', 'jugado');
INSERT INTO `partidos` VALUES ('176', '3', '17', '20', '3', '3', 'jugado');
INSERT INTO `partidos` VALUES ('177', '3', '20', '21', '2', '1', 'jugado');
INSERT INTO `partidos` VALUES ('178', '3', '14', '17', '2', '0', 'jugado');
INSERT INTO `partidos` VALUES ('179', '3', '13', '15', '0', '1', 'jugado');
INSERT INTO `partidos` VALUES ('180', '3', '25', '19', '4', '2', 'jugado');
INSERT INTO `partidos` VALUES ('181', '3', '24', '18', '2', '2', 'jugado');
INSERT INTO `partidos` VALUES ('182', '3', '22', '23', '0', '7', 'jugado');
INSERT INTO `partidos` VALUES ('183', '3', '26', '28', '2', '1', 'jugado');
INSERT INTO `partidos` VALUES ('184', '3', '16', '27', '1', '1', 'jugado');
INSERT INTO `partidos` VALUES ('185', '3', '21', '27', '1', '2', 'jugado');
INSERT INTO `partidos` VALUES ('186', '3', '28', '16', '1', '2', 'jugado');
INSERT INTO `partidos` VALUES ('187', '3', '23', '26', '1', '1', 'jugado');
INSERT INTO `partidos` VALUES ('188', '3', '18', '22', '0', '2', 'jugado');
INSERT INTO `partidos` VALUES ('189', '3', '19', '24', '1', '2', 'jugado');
INSERT INTO `partidos` VALUES ('190', '3', '15', '25', '3', '0', 'jugado');
INSERT INTO `partidos` VALUES ('191', '3', '17', '13', '1', '1', 'jugado');
INSERT INTO `partidos` VALUES ('192', '3', '20', '14', '1', '3', 'jugado');
INSERT INTO `partidos` VALUES ('193', '3', '14', '21', '4', '0', 'jugado');
INSERT INTO `partidos` VALUES ('194', '3', '13', '20', '2', '0', 'jugado');
INSERT INTO `partidos` VALUES ('195', '3', '25', '17', '2', '2', 'jugado');
INSERT INTO `partidos` VALUES ('196', '3', '24', '15', '1', '1', 'jugado');
INSERT INTO `partidos` VALUES ('197', '3', '22', '19', '2', '0', 'jugado');
INSERT INTO `partidos` VALUES ('198', '3', '26', '18', '0', '0', 'jugado');
INSERT INTO `partidos` VALUES ('199', '3', '16', '23', '2', '1', 'jugado');
INSERT INTO `partidos` VALUES ('200', '3', '27', '28', '4', '1', 'jugado');
INSERT INTO `partidos` VALUES ('201', '3', '21', '28', '4', '0', 'jugado');
INSERT INTO `partidos` VALUES ('202', '3', '23', '27', '2', '1', 'jugado');
INSERT INTO `partidos` VALUES ('203', '3', '18', '16', '2', '1', 'jugado');
INSERT INTO `partidos` VALUES ('204', '3', '19', '26', '3', '0', 'jugado');
INSERT INTO `partidos` VALUES ('205', '3', '15', '22', '1', '1', 'jugado');
INSERT INTO `partidos` VALUES ('206', '3', '17', '24', '1', '3', 'jugado');
INSERT INTO `partidos` VALUES ('207', '3', '20', '25', '1', '0', 'jugado');
INSERT INTO `partidos` VALUES ('208', '3', '14', '13', '1', '2', 'jugado');
INSERT INTO `partidos` VALUES ('209', '3', '13', '21', '1', '1', 'jugado');
INSERT INTO `partidos` VALUES ('210', '3', '25', '14', '2', '0', 'jugado');
INSERT INTO `partidos` VALUES ('211', '3', '24', '20', '3', '3', 'jugado');
INSERT INTO `partidos` VALUES ('212', '3', '22', '17', '1', '1', 'jugado');
INSERT INTO `partidos` VALUES ('213', '3', '26', '15', '3', '2', 'jugado');
INSERT INTO `partidos` VALUES ('214', '3', '16', '19', '0', '4', 'jugado');
INSERT INTO `partidos` VALUES ('215', '3', '27', '18', '2', '0', 'jugado');
INSERT INTO `partidos` VALUES ('216', '3', '28', '23', '1', '1', 'jugado');
INSERT INTO `partidos` VALUES ('217', '3', '21', '23', '2', '0', 'jugado');
INSERT INTO `partidos` VALUES ('218', '3', '18', '28', '1', '2', 'jugado');
INSERT INTO `partidos` VALUES ('219', '3', '19', '27', '1', '1', 'jugado');
INSERT INTO `partidos` VALUES ('220', '3', '15', '16', '2', '1', 'jugado');
INSERT INTO `partidos` VALUES ('221', '3', '17', '26', '0', '0', 'jugado');
INSERT INTO `partidos` VALUES ('222', '3', '20', '22', '1', '2', 'jugado');
INSERT INTO `partidos` VALUES ('223', '3', '14', '24', '3', '1', 'jugado');
INSERT INTO `partidos` VALUES ('224', '3', '13', '25', '2', '1', 'jugado');
INSERT INTO `partidos` VALUES ('225', '3', '25', '21', '1', '0', 'jugado');
INSERT INTO `partidos` VALUES ('226', '3', '24', '13', '3', '1', 'jugado');
INSERT INTO `partidos` VALUES ('227', '3', '22', '14', '2', '2', 'jugado');
INSERT INTO `partidos` VALUES ('228', '3', '26', '20', '1', '2', 'jugado');
INSERT INTO `partidos` VALUES ('229', '3', '16', '17', '1', '0', 'jugado');
INSERT INTO `partidos` VALUES ('230', '3', '27', '15', '1', '1', 'jugado');
INSERT INTO `partidos` VALUES ('231', '3', '28', '19', '1', '1', 'jugado');
INSERT INTO `partidos` VALUES ('232', '3', '23', '18', '4', '3', 'jugado');
INSERT INTO `partidos` VALUES ('233', '3', '21', '18', '0', '1', 'jugado');
INSERT INTO `partidos` VALUES ('234', '3', '19', '23', '4', '0', 'jugado');
INSERT INTO `partidos` VALUES ('235', '3', '15', '28', '2', '1', 'jugado');
INSERT INTO `partidos` VALUES ('236', '3', '17', '27', '1', '4', 'jugado');
INSERT INTO `partidos` VALUES ('237', '3', '20', '16', '1', '2', 'jugado');
INSERT INTO `partidos` VALUES ('238', '3', '14', '26', '1', '0', 'jugado');
INSERT INTO `partidos` VALUES ('239', '3', '13', '22', '2', '1', 'jugado');
INSERT INTO `partidos` VALUES ('240', '3', '25', '24', '1', '1', 'jugado');
INSERT INTO `partidos` VALUES ('241', '2', '8', '2', '0', '0', 'jugado');
INSERT INTO `partidos` VALUES ('242', '2', '10', '3', '1', '1', 'jugado');
INSERT INTO `partidos` VALUES ('243', '2', '6', '9', '2', '0', 'jugado');
INSERT INTO `partidos` VALUES ('244', '2', '5', '4', '2', '2', 'jugado');
INSERT INTO `partidos` VALUES ('245', '2', '7', '11', '2', '1', 'jugado');
INSERT INTO `partidos` VALUES ('246', '2', '1', '12', '3', '1', 'jugado');
INSERT INTO `partidos` VALUES ('247', '2', '2', '12', '1', '2', 'jugado');
INSERT INTO `partidos` VALUES ('248', '2', '11', '1', '1', '1', 'jugado');
INSERT INTO `partidos` VALUES ('249', '2', '4', '7', '0', '0', 'jugado');
INSERT INTO `partidos` VALUES ('250', '2', '9', '5', '3', '3', 'jugado');
INSERT INTO `partidos` VALUES ('251', '2', '3', '6', '1', '0', 'jugado');
INSERT INTO `partidos` VALUES ('252', '2', '8', '10', '0', '2', 'jugado');
INSERT INTO `partidos` VALUES ('253', '2', '10', '2', '2', '1', 'jugado');
INSERT INTO `partidos` VALUES ('254', '2', '6', '8', '3', '2', 'jugado');
INSERT INTO `partidos` VALUES ('255', '2', '5', '3', '1', '0', 'jugado');
INSERT INTO `partidos` VALUES ('256', '2', '7', '9', '1', '2', 'jugado');
INSERT INTO `partidos` VALUES ('257', '2', '1', '4', '2', '0', 'jugado');
INSERT INTO `partidos` VALUES ('258', '2', '12', '11', '1', '1', 'jugado');
INSERT INTO `partidos` VALUES ('259', '2', '2', '11', '1', '1', 'jugado');
INSERT INTO `partidos` VALUES ('260', '2', '4', '12', '2', '0', 'jugado');
INSERT INTO `partidos` VALUES ('261', '2', '9', '1', '1', '4', 'jugado');
INSERT INTO `partidos` VALUES ('262', '2', '3', '7', '1', '1', 'jugado');
INSERT INTO `partidos` VALUES ('263', '2', '8', '5', '1', '1', 'jugado');
INSERT INTO `partidos` VALUES ('264', '2', '10', '6', '4', '0', 'jugado');
INSERT INTO `partidos` VALUES ('265', '2', '6', '2', '0', '1', 'jugado');
INSERT INTO `partidos` VALUES ('266', '2', '5', '10', '2', '2', 'jugado');
INSERT INTO `partidos` VALUES ('267', '2', '7', '8', '3', '0', 'jugado');
INSERT INTO `partidos` VALUES ('268', '2', '1', '3', '3', '3', 'jugado');
INSERT INTO `partidos` VALUES ('269', '2', '12', '9', '2', '3', 'jugado');
INSERT INTO `partidos` VALUES ('270', '2', '11', '4', '2', '1', 'jugado');
INSERT INTO `partidos` VALUES ('271', '2', '2', '4', '3', '0', 'jugado');
INSERT INTO `partidos` VALUES ('272', '2', '9', '11', '1', '0', 'jugado');
INSERT INTO `partidos` VALUES ('273', '2', '3', '12', '4', '2', 'jugado');
INSERT INTO `partidos` VALUES ('274', '2', '8', '1', '0', '2', 'jugado');
INSERT INTO `partidos` VALUES ('275', '2', '10', '7', '5', '1', 'jugado');
INSERT INTO `partidos` VALUES ('276', '2', '6', '5', '0', '2', 'jugado');
INSERT INTO `partidos` VALUES ('277', '2', '5', '2', '4', '1', 'jugado');
INSERT INTO `partidos` VALUES ('278', '2', '7', '6', '2', '1', 'jugado');
INSERT INTO `partidos` VALUES ('279', '2', '1', '10', '1', '0', 'jugado');
INSERT INTO `partidos` VALUES ('280', '2', '12', '8', '3', '4', 'jugado');
INSERT INTO `partidos` VALUES ('281', '2', '11', '3', '3', '1', 'jugado');
INSERT INTO `partidos` VALUES ('282', '2', '4', '9', '3', '1', 'jugado');
INSERT INTO `partidos` VALUES ('283', '2', '2', '9', '3', '1', 'jugado');
INSERT INTO `partidos` VALUES ('284', '2', '3', '4', '1', '0', 'jugado');
INSERT INTO `partidos` VALUES ('285', '2', '8', '11', '0', '1', 'jugado');
INSERT INTO `partidos` VALUES ('286', '2', '10', '12', '3', '2', 'jugado');
INSERT INTO `partidos` VALUES ('287', '2', '6', '1', '0', '1', 'jugado');
INSERT INTO `partidos` VALUES ('288', '2', '5', '7', '2', '1', 'jugado');
INSERT INTO `partidos` VALUES ('289', '2', '7', '2', '0', '5', 'jugado');
INSERT INTO `partidos` VALUES ('290', '2', '1', '5', '3', '1', 'jugado');
INSERT INTO `partidos` VALUES ('291', '2', '12', '6', '0', '1', 'jugado');
INSERT INTO `partidos` VALUES ('292', '2', '11', '10', '0', '0', 'jugado');
INSERT INTO `partidos` VALUES ('293', '2', '4', '8', '4', '0', 'jugado');
INSERT INTO `partidos` VALUES ('294', '2', '9', '3', '2', '1', 'jugado');
INSERT INTO `partidos` VALUES ('295', '2', '2', '3', '3', '3', 'jugado');
INSERT INTO `partidos` VALUES ('296', '2', '8', '9', '0', '2', 'jugado');
INSERT INTO `partidos` VALUES ('297', '2', '10', '4', '2', '1', 'jugado');
INSERT INTO `partidos` VALUES ('298', '2', '6', '11', '1', '4', 'jugado');
INSERT INTO `partidos` VALUES ('299', '2', '5', '12', '1', '1', 'jugado');
INSERT INTO `partidos` VALUES ('300', '2', '7', '1', '1', '2', 'jugado');
INSERT INTO `partidos` VALUES ('301', '2', '1', '2', '1', '0', 'jugado');
INSERT INTO `partidos` VALUES ('302', '2', '12', '7', '4', '2', 'jugado');
INSERT INTO `partidos` VALUES ('303', '2', '11', '5', '3', '1', 'jugado');
INSERT INTO `partidos` VALUES ('304', '2', '4', '6', '1', '0', 'jugado');
INSERT INTO `partidos` VALUES ('305', '2', '9', '10', '1', '1', 'jugado');
INSERT INTO `partidos` VALUES ('306', '2', '3', '8', '1', '1', 'jugado');
INSERT INTO `partidos` VALUES ('307', '2', '2', '1', '3', '2', 'jugado');
INSERT INTO `partidos` VALUES ('308', '2', '7', '12', '1', '0', 'jugado');
INSERT INTO `partidos` VALUES ('309', '2', '5', '11', '1', '2', 'jugado');
INSERT INTO `partidos` VALUES ('310', '2', '6', '4', '2', '0', 'jugado');
INSERT INTO `partidos` VALUES ('311', '2', '10', '9', '3', '2', 'jugado');
INSERT INTO `partidos` VALUES ('312', '2', '8', '3', '1', '2', 'jugado');
INSERT INTO `partidos` VALUES ('313', '2', '3', '2', '4', '1', 'jugado');
INSERT INTO `partidos` VALUES ('314', '2', '9', '8', '1', '1', 'jugado');
INSERT INTO `partidos` VALUES ('315', '2', '4', '10', '3', '1', 'jugado');
INSERT INTO `partidos` VALUES ('316', '2', '11', '6', '1', '2', 'jugado');
INSERT INTO `partidos` VALUES ('317', '2', '12', '5', '0', '0', 'jugado');
INSERT INTO `partidos` VALUES ('318', '2', '1', '7', '3', '1', 'jugado');
INSERT INTO `partidos` VALUES ('319', '2', '2', '7', '2', '1', 'jugado');
INSERT INTO `partidos` VALUES ('320', '2', '5', '1', '0', '3', 'jugado');
INSERT INTO `partidos` VALUES ('321', '2', '6', '12', '1', '4', 'jugado');
INSERT INTO `partidos` VALUES ('322', '2', '10', '11', '1', '0', 'jugado');
INSERT INTO `partidos` VALUES ('323', '2', '8', '4', '1', '0', 'jugado');
INSERT INTO `partidos` VALUES ('324', '2', '3', '9', '2', '1', 'jugado');
INSERT INTO `partidos` VALUES ('325', '2', '9', '2', '0', '0', 'jugado');
INSERT INTO `partidos` VALUES ('326', '2', '4', '3', '2', '1', 'jugado');
INSERT INTO `partidos` VALUES ('327', '2', '11', '8', '4', '2', 'jugado');
INSERT INTO `partidos` VALUES ('328', '2', '12', '10', '1', '2', 'jugado');
INSERT INTO `partidos` VALUES ('329', '2', '1', '6', '2', '1', 'jugado');
INSERT INTO `partidos` VALUES ('330', '2', '7', '5', '4', '2', 'jugado');
INSERT INTO `partidos` VALUES ('331', '2', '2', '5', '2', '1', 'jugado');
INSERT INTO `partidos` VALUES ('332', '2', '6', '7', '0', '1', 'jugado');
INSERT INTO `partidos` VALUES ('333', '2', '10', '1', '0', '4', 'jugado');
INSERT INTO `partidos` VALUES ('334', '2', '8', '12', '1', '1', 'jugado');
INSERT INTO `partidos` VALUES ('335', '2', '3', '11', '1', '1', 'jugado');
INSERT INTO `partidos` VALUES ('336', '2', '9', '4', '1', '6', 'jugado');
INSERT INTO `partidos` VALUES ('337', '2', '4', '2', '4', '1', 'jugado');
INSERT INTO `partidos` VALUES ('338', '2', '11', '9', '0', '1', 'jugado');
INSERT INTO `partidos` VALUES ('339', '2', '12', '3', '1', '0', 'jugado');
INSERT INTO `partidos` VALUES ('340', '2', '1', '8', '2', '1', 'jugado');
INSERT INTO `partidos` VALUES ('341', '2', '7', '10', '1', '2', 'jugado');
INSERT INTO `partidos` VALUES ('342', '2', '5', '6', '3', '1', 'jugado');
INSERT INTO `partidos` VALUES ('343', '2', '2', '6', '1', '0', 'jugado');
INSERT INTO `partidos` VALUES ('344', '2', '10', '5', '4', '0', 'jugado');
INSERT INTO `partidos` VALUES ('345', '2', '8', '7', '1', '1', 'jugado');
INSERT INTO `partidos` VALUES ('346', '2', '3', '1', '2', '2', 'jugado');
INSERT INTO `partidos` VALUES ('347', '2', '9', '12', '1', '0', 'jugado');
INSERT INTO `partidos` VALUES ('348', '2', '4', '11', '1', '0', 'jugado');
INSERT INTO `partidos` VALUES ('349', '2', '11', '2', '0', '2', 'jugado');
INSERT INTO `partidos` VALUES ('350', '2', '12', '4', '1', '2', 'jugado');
INSERT INTO `partidos` VALUES ('351', '2', '1', '9', '2', '0', 'jugado');
INSERT INTO `partidos` VALUES ('352', '2', '7', '3', '1', '1', 'jugado');
INSERT INTO `partidos` VALUES ('353', '2', '5', '8', '2', '0', 'jugado');
INSERT INTO `partidos` VALUES ('354', '2', '6', '10', '1', '1', 'jugado');
INSERT INTO `partidos` VALUES ('355', '2', '2', '10', '3', '0', 'jugado');
INSERT INTO `partidos` VALUES ('356', '2', '8', '6', '0', '0', 'jugado');
INSERT INTO `partidos` VALUES ('357', '2', '3', '5', '3', '1', 'jugado');
INSERT INTO `partidos` VALUES ('358', '2', '9', '7', '1', '2', 'jugado');
INSERT INTO `partidos` VALUES ('359', '2', '4', '1', '2', '0', 'jugado');
INSERT INTO `partidos` VALUES ('360', '2', '11', '12', '4', '2', 'jugado');
INSERT INTO `partidos` VALUES ('361', '2', '12', '2', '2', '2', 'jugado');
INSERT INTO `partidos` VALUES ('362', '2', '1', '11', '4', '1', 'jugado');
INSERT INTO `partidos` VALUES ('363', '2', '7', '4', '1', '0', 'jugado');
INSERT INTO `partidos` VALUES ('364', '2', '5', '9', '2', '1', 'jugado');
INSERT INTO `partidos` VALUES ('365', '2', '6', '3', '1', '3', 'jugado');
INSERT INTO `partidos` VALUES ('366', '2', '10', '8', '1', '1', 'jugado');
INSERT INTO `partidos` VALUES ('367', '2', '2', '8', '2', '0', 'jugado');
INSERT INTO `partidos` VALUES ('368', '2', '3', '10', '3', '1', 'jugado');
INSERT INTO `partidos` VALUES ('369', '2', '9', '6', '1', '5', 'jugado');
INSERT INTO `partidos` VALUES ('370', '2', '4', '5', '2', '2', 'jugado');
INSERT INTO `partidos` VALUES ('371', '2', '11', '7', '2', '2', 'jugado');
INSERT INTO `partidos` VALUES ('372', '2', '12', '1', '4', '2', 'jugado');
INSERT INTO `partidos` VALUES ('373', '1', '5', '9', '3', '1', 'jugado');
INSERT INTO `partidos` VALUES ('374', '1', '3', '1', '1', '0', 'jugado');
INSERT INTO `partidos` VALUES ('375', '1', '7', '10', '1', '3', 'jugado');
INSERT INTO `partidos` VALUES ('376', '1', '11', '4', '0', '0', 'jugado');
INSERT INTO `partidos` VALUES ('377', '1', '6', '8', '1', '1', 'jugado');
INSERT INTO `partidos` VALUES ('378', '1', '12', '2', '0', '1', 'jugado');
INSERT INTO `partidos` VALUES ('379', '1', '9', '2', '1', '4', 'jugado');
INSERT INTO `partidos` VALUES ('380', '1', '8', '12', '2', '1', 'jugado');
INSERT INTO `partidos` VALUES ('381', '1', '4', '6', '0', '0', 'jugado');
INSERT INTO `partidos` VALUES ('382', '1', '10', '11', '1', '0', 'jugado');
INSERT INTO `partidos` VALUES ('383', '1', '1', '7', '2', '1', 'jugado');
INSERT INTO `partidos` VALUES ('384', '1', '5', '3', '1', '0', 'jugado');
INSERT INTO `partidos` VALUES ('385', '1', '3', '9', '0', '0', 'jugado');
INSERT INTO `partidos` VALUES ('386', '1', '7', '5', '1', '1', 'jugado');
INSERT INTO `partidos` VALUES ('387', '1', '11', '1', '1', '2', 'jugado');
INSERT INTO `partidos` VALUES ('388', '1', '6', '10', '2', '0', 'jugado');
INSERT INTO `partidos` VALUES ('389', '1', '12', '4', '3', '1', 'jugado');
INSERT INTO `partidos` VALUES ('390', '1', '2', '8', '2', '0', 'jugado');
INSERT INTO `partidos` VALUES ('391', '1', '9', '8', '0', '1', 'jugado');
INSERT INTO `partidos` VALUES ('392', '1', '4', '2', '1', '0', 'jugado');
INSERT INTO `partidos` VALUES ('393', '1', '10', '12', '1', '1', 'jugado');
INSERT INTO `partidos` VALUES ('394', '1', '1', '6', '3', '1', 'jugado');
INSERT INTO `partidos` VALUES ('395', '1', '5', '11', '1', '0', 'jugado');
INSERT INTO `partidos` VALUES ('396', '1', '3', '7', '4', '0', 'jugado');
INSERT INTO `partidos` VALUES ('397', '1', '7', '9', '0', '1', 'jugado');
INSERT INTO `partidos` VALUES ('398', '1', '11', '3', '2', '1', 'jugado');
INSERT INTO `partidos` VALUES ('399', '1', '6', '5', '1', '3', 'jugado');
INSERT INTO `partidos` VALUES ('400', '1', '12', '1', '1', '1', 'jugado');
INSERT INTO `partidos` VALUES ('401', '1', '2', '10', '2', '0', 'jugado');
INSERT INTO `partidos` VALUES ('402', '1', '8', '4', '0', '2', 'jugado');
INSERT INTO `partidos` VALUES ('403', '1', '9', '4', '2', '3', 'jugado');
INSERT INTO `partidos` VALUES ('404', '1', '10', '8', '1', '0', 'jugado');
INSERT INTO `partidos` VALUES ('405', '1', '1', '2', '1', '2', 'jugado');
INSERT INTO `partidos` VALUES ('406', '1', '5', '12', '2', '0', 'jugado');
INSERT INTO `partidos` VALUES ('407', '1', '3', '6', '1', '2', 'jugado');
INSERT INTO `partidos` VALUES ('408', '1', '7', '11', '0', '1', 'jugado');
INSERT INTO `partidos` VALUES ('409', '1', '11', '9', '2', '1', 'jugado');
INSERT INTO `partidos` VALUES ('410', '1', '6', '7', '1', '2', 'jugado');
INSERT INTO `partidos` VALUES ('411', '1', '12', '3', '3', '4', 'jugado');
INSERT INTO `partidos` VALUES ('412', '1', '2', '5', '2', '1', 'jugado');
INSERT INTO `partidos` VALUES ('413', '1', '8', '1', '1', '0', 'jugado');
INSERT INTO `partidos` VALUES ('414', '1', '4', '10', '1', '2', 'jugado');
INSERT INTO `partidos` VALUES ('415', '1', '9', '10', '0', '1', 'jugado');
INSERT INTO `partidos` VALUES ('416', '1', '1', '4', '2', '1', 'jugado');
INSERT INTO `partidos` VALUES ('417', '1', '5', '8', '1', '0', 'jugado');
INSERT INTO `partidos` VALUES ('418', '1', '3', '2', '1', '1', 'jugado');
INSERT INTO `partidos` VALUES ('419', '1', '7', '12', '2', '2', 'jugado');
INSERT INTO `partidos` VALUES ('420', '1', '11', '6', '2', '1', 'jugado');
INSERT INTO `partidos` VALUES ('421', '1', '6', '9', '1', '0', 'jugado');
INSERT INTO `partidos` VALUES ('422', '1', '12', '11', '1', '0', 'jugado');
INSERT INTO `partidos` VALUES ('423', '1', '2', '7', '1', '1', 'jugado');
INSERT INTO `partidos` VALUES ('424', '1', '8', '3', '0', '1', 'jugado');
INSERT INTO `partidos` VALUES ('425', '1', '4', '5', '1', '1', 'jugado');
INSERT INTO `partidos` VALUES ('426', '1', '10', '1', '0', '2', 'jugado');
INSERT INTO `partidos` VALUES ('427', '1', '9', '1', '1', '1', 'jugado');
INSERT INTO `partidos` VALUES ('428', '1', '5', '10', '5', '2', 'jugado');
INSERT INTO `partidos` VALUES ('429', '1', '3', '4', '4', '1', 'jugado');
INSERT INTO `partidos` VALUES ('430', '1', '7', '8', '1', '1', 'jugado');
INSERT INTO `partidos` VALUES ('431', '1', '11', '2', '2', '1', 'jugado');
INSERT INTO `partidos` VALUES ('432', '1', '6', '12', '2', '3', 'jugado');
INSERT INTO `partidos` VALUES ('433', '1', '12', '9', '1', '0', 'jugado');
INSERT INTO `partidos` VALUES ('434', '1', '2', '6', '4', '0', 'jugado');
INSERT INTO `partidos` VALUES ('435', '1', '8', '11', '1', '1', 'jugado');
INSERT INTO `partidos` VALUES ('436', '1', '4', '7', '1', '1', 'jugado');
INSERT INTO `partidos` VALUES ('437', '1', '10', '3', '3', '0', 'jugado');
INSERT INTO `partidos` VALUES ('438', '1', '1', '5', '2', '1', 'jugado');
INSERT INTO `partidos` VALUES ('439', '1', '9', '12', '4', '3', 'jugado');
INSERT INTO `partidos` VALUES ('440', '1', '6', '2', '0', '1', 'jugado');
INSERT INTO `partidos` VALUES ('441', '1', '11', '8', '2', '0', 'jugado');
INSERT INTO `partidos` VALUES ('442', '1', '7', '4', '0', '3', 'jugado');
INSERT INTO `partidos` VALUES ('443', '1', '3', '10', '1', '2', 'jugado');
INSERT INTO `partidos` VALUES ('444', '1', '5', '1', '2', '2', 'jugado');
INSERT INTO `partidos` VALUES ('445', '1', '1', '9', '2', '1', 'jugado');
INSERT INTO `partidos` VALUES ('446', '1', '10', '5', '3', '3', 'jugado');
INSERT INTO `partidos` VALUES ('447', '1', '4', '3', '0', '0', 'jugado');
INSERT INTO `partidos` VALUES ('448', '1', '8', '7', '1', '0', 'jugado');
INSERT INTO `partidos` VALUES ('449', '1', '2', '11', '1', '2', 'jugado');
INSERT INTO `partidos` VALUES ('450', '1', '12', '6', '1', '1', 'jugado');
INSERT INTO `partidos` VALUES ('451', '1', '9', '6', '1', '1', 'jugado');
INSERT INTO `partidos` VALUES ('452', '1', '11', '12', '3', '0', 'jugado');
INSERT INTO `partidos` VALUES ('453', '1', '7', '2', '5', '1', 'jugado');
INSERT INTO `partidos` VALUES ('454', '1', '3', '8', '3', '1', 'jugado');
INSERT INTO `partidos` VALUES ('455', '1', '5', '4', '3', '1', 'jugado');
INSERT INTO `partidos` VALUES ('456', '1', '1', '10', '1', '0', 'jugado');
INSERT INTO `partidos` VALUES ('457', '1', '10', '9', '1', '2', 'jugado');
INSERT INTO `partidos` VALUES ('458', '1', '4', '1', '3', '4', 'jugado');
INSERT INTO `partidos` VALUES ('459', '1', '8', '5', '1', '0', 'jugado');
INSERT INTO `partidos` VALUES ('460', '1', '2', '3', '0', '0', 'jugado');
INSERT INTO `partidos` VALUES ('461', '1', '12', '7', '0', '0', 'jugado');
INSERT INTO `partidos` VALUES ('462', '1', '6', '11', '0', '1', 'jugado');
INSERT INTO `partidos` VALUES ('463', '1', '9', '11', '3', '0', 'jugado');
INSERT INTO `partidos` VALUES ('464', '1', '7', '6', '1', '1', 'jugado');
INSERT INTO `partidos` VALUES ('465', '1', '3', '12', '1', '1', 'jugado');
INSERT INTO `partidos` VALUES ('466', '1', '5', '2', '0', '0', 'jugado');
INSERT INTO `partidos` VALUES ('467', '1', '1', '8', '0', '0', 'jugado');
INSERT INTO `partidos` VALUES ('468', '1', '10', '4', '2', '0', 'jugado');
INSERT INTO `partidos` VALUES ('469', '1', '4', '9', '1', '0', 'jugado');
INSERT INTO `partidos` VALUES ('470', '1', '8', '10', '1', '2', 'jugado');
INSERT INTO `partidos` VALUES ('471', '1', '2', '1', '3', '1', 'jugado');
INSERT INTO `partidos` VALUES ('472', '1', '12', '5', '3', '4', 'jugado');
INSERT INTO `partidos` VALUES ('473', '1', '6', '3', '1', '1', 'jugado');
INSERT INTO `partidos` VALUES ('474', '1', '11', '7', '3', '0', 'jugado');
INSERT INTO `partidos` VALUES ('475', '1', '9', '7', '1', '1', 'jugado');
INSERT INTO `partidos` VALUES ('476', '1', '3', '11', '3', '1', 'jugado');
INSERT INTO `partidos` VALUES ('477', '1', '5', '6', '1', '1', 'jugado');
INSERT INTO `partidos` VALUES ('478', '1', '1', '12', '1', '0', 'jugado');
INSERT INTO `partidos` VALUES ('479', '1', '10', '2', '2', '0', 'jugado');
INSERT INTO `partidos` VALUES ('480', '1', '4', '8', '1', '1', 'jugado');
INSERT INTO `partidos` VALUES ('481', '1', '8', '9', '1', '2', 'jugado');
INSERT INTO `partidos` VALUES ('482', '1', '2', '4', '1', '6', 'jugado');
INSERT INTO `partidos` VALUES ('483', '1', '12', '10', '1', '1', 'jugado');
INSERT INTO `partidos` VALUES ('484', '1', '6', '1', '2', '1', 'jugado');
INSERT INTO `partidos` VALUES ('485', '1', '11', '5', '1', '0', 'jugado');
INSERT INTO `partidos` VALUES ('486', '1', '7', '3', '0', '1', 'jugado');
INSERT INTO `partidos` VALUES ('487', '1', '9', '3', '2', '2', 'jugado');
INSERT INTO `partidos` VALUES ('488', '1', '5', '7', '2', '3', 'jugado');
INSERT INTO `partidos` VALUES ('489', '1', '1', '11', '1', '1', 'jugado');
INSERT INTO `partidos` VALUES ('490', '1', '10', '6', '1', '1', 'jugado');
INSERT INTO `partidos` VALUES ('491', '1', '4', '12', '1', '0', 'jugado');
INSERT INTO `partidos` VALUES ('492', '1', '8', '2', '2', '3', 'jugado');
INSERT INTO `partidos` VALUES ('493', '1', '2', '9', '1', '2', 'jugado');
INSERT INTO `partidos` VALUES ('494', '1', '12', '8', '2', '3', 'jugado');
INSERT INTO `partidos` VALUES ('495', '1', '6', '4', '1', '0', 'jugado');
INSERT INTO `partidos` VALUES ('496', '1', '11', '10', '2', '1', 'jugado');
INSERT INTO `partidos` VALUES ('497', '1', '7', '1', '1', '4', 'jugado');
INSERT INTO `partidos` VALUES ('498', '1', '3', '5', '0', '1', 'jugado');
INSERT INTO `partidos` VALUES ('499', '1', '9', '5', '0', '1', 'jugado');
INSERT INTO `partidos` VALUES ('500', '1', '1', '3', '0', '1', 'jugado');
INSERT INTO `partidos` VALUES ('501', '1', '10', '7', '5', '1', 'jugado');
INSERT INTO `partidos` VALUES ('502', '1', '4', '11', '0', '3', 'jugado');
INSERT INTO `partidos` VALUES ('503', '1', '8', '6', '2', '2', 'jugado');
INSERT INTO `partidos` VALUES ('504', '1', '2', '12', '3', '1', 'jugado');
INSERT INTO `partidos` VALUES ('505', '4', '37', '41', '0', '0', 'pendiente');
INSERT INTO `partidos` VALUES ('506', '4', '29', '44', '0', '0', 'pendiente');
INSERT INTO `partidos` VALUES ('507', '4', '36', '33', '0', '0', 'pendiente');
INSERT INTO `partidos` VALUES ('508', '4', '35', '30', '0', '0', 'pendiente');
INSERT INTO `partidos` VALUES ('509', '4', '40', '31', '0', '0', 'pendiente');
INSERT INTO `partidos` VALUES ('510', '4', '34', '42', '0', '0', 'pendiente');
INSERT INTO `partidos` VALUES ('511', '4', '38', '39', '0', '0', 'pendiente');
INSERT INTO `partidos` VALUES ('512', '4', '43', '32', '0', '0', 'pendiente');
INSERT INTO `partidos` VALUES ('513', '4', '41', '32', '0', '0', 'pendiente');
INSERT INTO `partidos` VALUES ('514', '4', '39', '43', '0', '0', 'pendiente');
INSERT INTO `partidos` VALUES ('515', '4', '42', '38', '0', '0', 'pendiente');
INSERT INTO `partidos` VALUES ('516', '4', '31', '34', '0', '0', 'pendiente');
INSERT INTO `partidos` VALUES ('517', '4', '30', '40', '0', '0', 'pendiente');
INSERT INTO `partidos` VALUES ('518', '4', '33', '35', '0', '0', 'pendiente');
INSERT INTO `partidos` VALUES ('519', '4', '44', '36', '0', '0', 'pendiente');
INSERT INTO `partidos` VALUES ('520', '4', '37', '29', '0', '0', 'pendiente');
INSERT INTO `partidos` VALUES ('521', '4', '29', '41', '0', '0', 'pendiente');
INSERT INTO `partidos` VALUES ('522', '4', '36', '37', '0', '0', 'pendiente');
INSERT INTO `partidos` VALUES ('523', '4', '35', '44', '0', '0', 'pendiente');
INSERT INTO `partidos` VALUES ('524', '4', '40', '33', '0', '0', 'pendiente');
INSERT INTO `partidos` VALUES ('525', '4', '34', '30', '0', '0', 'pendiente');
INSERT INTO `partidos` VALUES ('526', '4', '38', '31', '0', '0', 'pendiente');
INSERT INTO `partidos` VALUES ('527', '4', '43', '42', '0', '0', 'pendiente');
INSERT INTO `partidos` VALUES ('528', '4', '32', '39', '0', '0', 'pendiente');
INSERT INTO `partidos` VALUES ('529', '4', '41', '39', '0', '0', 'pendiente');
INSERT INTO `partidos` VALUES ('530', '4', '42', '32', '0', '0', 'pendiente');
INSERT INTO `partidos` VALUES ('531', '4', '31', '43', '0', '0', 'pendiente');
INSERT INTO `partidos` VALUES ('532', '4', '30', '38', '0', '0', 'pendiente');
INSERT INTO `partidos` VALUES ('533', '4', '33', '34', '0', '0', 'pendiente');
INSERT INTO `partidos` VALUES ('534', '4', '44', '40', '0', '0', 'pendiente');
INSERT INTO `partidos` VALUES ('535', '4', '37', '35', '0', '0', 'pendiente');
INSERT INTO `partidos` VALUES ('536', '4', '29', '36', '0', '0', 'pendiente');
INSERT INTO `partidos` VALUES ('537', '4', '36', '41', '0', '0', 'pendiente');
INSERT INTO `partidos` VALUES ('538', '4', '35', '29', '0', '0', 'pendiente');
INSERT INTO `partidos` VALUES ('539', '4', '40', '37', '0', '0', 'pendiente');
INSERT INTO `partidos` VALUES ('540', '4', '34', '44', '0', '0', 'pendiente');
INSERT INTO `partidos` VALUES ('541', '4', '38', '33', '0', '0', 'pendiente');
INSERT INTO `partidos` VALUES ('542', '4', '43', '30', '0', '0', 'pendiente');
INSERT INTO `partidos` VALUES ('543', '4', '32', '31', '0', '0', 'pendiente');
INSERT INTO `partidos` VALUES ('544', '4', '39', '42', '0', '0', 'pendiente');
INSERT INTO `partidos` VALUES ('545', '4', '41', '42', '0', '0', 'pendiente');
INSERT INTO `partidos` VALUES ('546', '4', '31', '39', '0', '0', 'pendiente');
INSERT INTO `partidos` VALUES ('547', '4', '30', '32', '0', '0', 'pendiente');
INSERT INTO `partidos` VALUES ('548', '4', '33', '43', '0', '0', 'pendiente');
INSERT INTO `partidos` VALUES ('549', '4', '44', '38', '0', '0', 'pendiente');
INSERT INTO `partidos` VALUES ('550', '4', '37', '34', '0', '0', 'pendiente');
INSERT INTO `partidos` VALUES ('551', '4', '29', '40', '0', '0', 'pendiente');
INSERT INTO `partidos` VALUES ('552', '4', '36', '35', '0', '0', 'pendiente');
INSERT INTO `partidos` VALUES ('553', '4', '35', '41', '0', '0', 'pendiente');
INSERT INTO `partidos` VALUES ('554', '4', '40', '36', '0', '0', 'pendiente');
INSERT INTO `partidos` VALUES ('555', '4', '34', '29', '0', '0', 'pendiente');
INSERT INTO `partidos` VALUES ('556', '4', '38', '37', '0', '0', 'pendiente');
INSERT INTO `partidos` VALUES ('557', '4', '43', '44', '0', '0', 'pendiente');
INSERT INTO `partidos` VALUES ('558', '4', '32', '33', '0', '0', 'pendiente');
INSERT INTO `partidos` VALUES ('559', '4', '39', '30', '0', '0', 'pendiente');
INSERT INTO `partidos` VALUES ('560', '4', '42', '31', '0', '0', 'pendiente');
INSERT INTO `partidos` VALUES ('561', '4', '41', '31', '0', '0', 'pendiente');
INSERT INTO `partidos` VALUES ('562', '4', '30', '42', '0', '0', 'pendiente');
INSERT INTO `partidos` VALUES ('563', '4', '33', '39', '0', '0', 'pendiente');
INSERT INTO `partidos` VALUES ('564', '4', '44', '32', '0', '0', 'pendiente');
INSERT INTO `partidos` VALUES ('565', '4', '37', '43', '0', '0', 'pendiente');
INSERT INTO `partidos` VALUES ('566', '4', '29', '38', '0', '0', 'pendiente');
INSERT INTO `partidos` VALUES ('567', '4', '36', '34', '0', '0', 'pendiente');
INSERT INTO `partidos` VALUES ('568', '4', '35', '40', '0', '0', 'pendiente');
INSERT INTO `partidos` VALUES ('569', '4', '40', '41', '0', '0', 'pendiente');
INSERT INTO `partidos` VALUES ('570', '4', '34', '35', '0', '0', 'pendiente');
INSERT INTO `partidos` VALUES ('571', '4', '38', '36', '0', '0', 'pendiente');
INSERT INTO `partidos` VALUES ('572', '4', '43', '29', '0', '0', 'pendiente');
INSERT INTO `partidos` VALUES ('573', '4', '32', '37', '0', '0', 'pendiente');
INSERT INTO `partidos` VALUES ('574', '4', '39', '44', '0', '0', 'pendiente');
INSERT INTO `partidos` VALUES ('575', '4', '42', '33', '0', '0', 'pendiente');
INSERT INTO `partidos` VALUES ('576', '4', '31', '30', '0', '0', 'pendiente');
INSERT INTO `partidos` VALUES ('577', '4', '41', '30', '0', '0', 'pendiente');
INSERT INTO `partidos` VALUES ('578', '4', '33', '31', '0', '0', 'pendiente');
INSERT INTO `partidos` VALUES ('579', '4', '44', '42', '0', '0', 'pendiente');
INSERT INTO `partidos` VALUES ('580', '4', '37', '39', '0', '0', 'pendiente');
INSERT INTO `partidos` VALUES ('581', '4', '29', '32', '0', '0', 'pendiente');
INSERT INTO `partidos` VALUES ('582', '4', '36', '43', '0', '0', 'pendiente');
INSERT INTO `partidos` VALUES ('583', '4', '35', '38', '0', '0', 'pendiente');
INSERT INTO `partidos` VALUES ('584', '4', '40', '34', '0', '0', 'pendiente');
INSERT INTO `partidos` VALUES ('585', '4', '34', '41', '0', '0', 'pendiente');
INSERT INTO `partidos` VALUES ('586', '4', '38', '40', '0', '0', 'pendiente');
INSERT INTO `partidos` VALUES ('587', '4', '43', '35', '0', '0', 'pendiente');
INSERT INTO `partidos` VALUES ('588', '4', '32', '36', '0', '0', 'pendiente');
INSERT INTO `partidos` VALUES ('589', '4', '39', '29', '0', '0', 'pendiente');
INSERT INTO `partidos` VALUES ('590', '4', '42', '37', '0', '0', 'pendiente');
INSERT INTO `partidos` VALUES ('591', '4', '31', '44', '0', '0', 'pendiente');
INSERT INTO `partidos` VALUES ('592', '4', '30', '33', '0', '0', 'pendiente');
INSERT INTO `partidos` VALUES ('593', '4', '41', '33', '0', '0', 'pendiente');
INSERT INTO `partidos` VALUES ('594', '4', '44', '30', '0', '0', 'pendiente');
INSERT INTO `partidos` VALUES ('595', '4', '37', '31', '0', '0', 'pendiente');
INSERT INTO `partidos` VALUES ('596', '4', '29', '42', '0', '0', 'pendiente');
INSERT INTO `partidos` VALUES ('597', '4', '36', '39', '0', '0', 'pendiente');
INSERT INTO `partidos` VALUES ('598', '4', '35', '32', '0', '0', 'pendiente');
INSERT INTO `partidos` VALUES ('599', '4', '40', '43', '0', '0', 'pendiente');
INSERT INTO `partidos` VALUES ('600', '4', '34', '38', '0', '0', 'pendiente');
INSERT INTO `partidos` VALUES ('601', '4', '38', '41', '0', '0', 'pendiente');
INSERT INTO `partidos` VALUES ('602', '4', '43', '34', '0', '0', 'pendiente');
INSERT INTO `partidos` VALUES ('603', '4', '32', '40', '0', '0', 'pendiente');
INSERT INTO `partidos` VALUES ('604', '4', '39', '35', '0', '0', 'pendiente');
INSERT INTO `partidos` VALUES ('605', '4', '42', '36', '0', '0', 'pendiente');
INSERT INTO `partidos` VALUES ('606', '4', '31', '29', '0', '0', 'pendiente');
INSERT INTO `partidos` VALUES ('607', '4', '30', '37', '0', '0', 'pendiente');
INSERT INTO `partidos` VALUES ('608', '4', '33', '44', '0', '0', 'pendiente');
INSERT INTO `partidos` VALUES ('609', '4', '41', '44', '0', '0', 'pendiente');
INSERT INTO `partidos` VALUES ('610', '4', '37', '33', '0', '0', 'pendiente');
INSERT INTO `partidos` VALUES ('611', '4', '29', '30', '0', '0', 'pendiente');
INSERT INTO `partidos` VALUES ('612', '4', '36', '31', '0', '0', 'pendiente');
INSERT INTO `partidos` VALUES ('613', '4', '35', '42', '0', '0', 'pendiente');
INSERT INTO `partidos` VALUES ('614', '4', '40', '39', '0', '0', 'pendiente');
INSERT INTO `partidos` VALUES ('615', '4', '34', '32', '0', '0', 'pendiente');
INSERT INTO `partidos` VALUES ('616', '4', '38', '43', '0', '0', 'pendiente');
INSERT INTO `partidos` VALUES ('617', '4', '43', '41', '0', '0', 'pendiente');
INSERT INTO `partidos` VALUES ('618', '4', '32', '38', '0', '0', 'pendiente');
INSERT INTO `partidos` VALUES ('619', '4', '39', '34', '0', '0', 'pendiente');
INSERT INTO `partidos` VALUES ('620', '4', '42', '40', '0', '0', 'pendiente');
INSERT INTO `partidos` VALUES ('621', '4', '31', '35', '0', '0', 'pendiente');
INSERT INTO `partidos` VALUES ('622', '4', '30', '36', '0', '0', 'pendiente');
INSERT INTO `partidos` VALUES ('623', '4', '33', '29', '0', '0', 'pendiente');
INSERT INTO `partidos` VALUES ('624', '4', '44', '37', '0', '0', 'pendiente');
INSERT INTO `partidos` VALUES ('625', '4', '41', '43', '0', '0', 'pendiente');
INSERT INTO `partidos` VALUES ('626', '4', '38', '32', '0', '0', 'pendiente');
INSERT INTO `partidos` VALUES ('627', '4', '34', '39', '0', '0', 'pendiente');
INSERT INTO `partidos` VALUES ('628', '4', '40', '42', '0', '0', 'pendiente');
INSERT INTO `partidos` VALUES ('629', '4', '35', '31', '0', '0', 'pendiente');
INSERT INTO `partidos` VALUES ('630', '4', '36', '30', '0', '0', 'pendiente');
INSERT INTO `partidos` VALUES ('631', '4', '29', '33', '0', '0', 'pendiente');
INSERT INTO `partidos` VALUES ('632', '4', '37', '44', '0', '0', 'pendiente');
INSERT INTO `partidos` VALUES ('633', '4', '44', '41', '0', '0', 'pendiente');
INSERT INTO `partidos` VALUES ('634', '4', '33', '37', '0', '0', 'pendiente');
INSERT INTO `partidos` VALUES ('635', '4', '30', '29', '0', '0', 'pendiente');
INSERT INTO `partidos` VALUES ('636', '4', '31', '36', '0', '0', 'pendiente');
INSERT INTO `partidos` VALUES ('637', '4', '42', '35', '0', '0', 'pendiente');
INSERT INTO `partidos` VALUES ('638', '4', '39', '40', '0', '0', 'pendiente');
INSERT INTO `partidos` VALUES ('639', '4', '32', '34', '0', '0', 'pendiente');
INSERT INTO `partidos` VALUES ('640', '4', '43', '38', '0', '0', 'pendiente');
INSERT INTO `partidos` VALUES ('641', '4', '41', '38', '0', '0', 'pendiente');
INSERT INTO `partidos` VALUES ('642', '4', '34', '43', '0', '0', 'pendiente');
INSERT INTO `partidos` VALUES ('643', '4', '40', '32', '0', '0', 'pendiente');
INSERT INTO `partidos` VALUES ('644', '4', '35', '39', '0', '0', 'pendiente');
INSERT INTO `partidos` VALUES ('645', '4', '36', '42', '0', '0', 'pendiente');
INSERT INTO `partidos` VALUES ('646', '4', '29', '31', '0', '0', 'pendiente');
INSERT INTO `partidos` VALUES ('647', '4', '37', '30', '0', '0', 'pendiente');
INSERT INTO `partidos` VALUES ('648', '4', '44', '33', '0', '0', 'pendiente');
INSERT INTO `partidos` VALUES ('649', '4', '33', '41', '0', '0', 'pendiente');
INSERT INTO `partidos` VALUES ('650', '4', '30', '44', '0', '0', 'pendiente');
INSERT INTO `partidos` VALUES ('651', '4', '31', '37', '0', '0', 'pendiente');
INSERT INTO `partidos` VALUES ('652', '4', '42', '29', '0', '0', 'pendiente');
INSERT INTO `partidos` VALUES ('653', '4', '39', '36', '0', '0', 'pendiente');
INSERT INTO `partidos` VALUES ('654', '4', '32', '35', '0', '0', 'pendiente');
INSERT INTO `partidos` VALUES ('655', '4', '43', '40', '0', '0', 'pendiente');
INSERT INTO `partidos` VALUES ('656', '4', '38', '34', '0', '0', 'pendiente');
INSERT INTO `partidos` VALUES ('657', '4', '41', '34', '0', '0', 'pendiente');
INSERT INTO `partidos` VALUES ('658', '4', '40', '38', '0', '0', 'pendiente');
INSERT INTO `partidos` VALUES ('659', '4', '35', '43', '0', '0', 'pendiente');
INSERT INTO `partidos` VALUES ('660', '4', '36', '32', '0', '0', 'pendiente');
INSERT INTO `partidos` VALUES ('661', '4', '29', '39', '0', '0', 'pendiente');
INSERT INTO `partidos` VALUES ('662', '4', '37', '42', '0', '0', 'pendiente');
INSERT INTO `partidos` VALUES ('663', '4', '44', '31', '0', '0', 'pendiente');
INSERT INTO `partidos` VALUES ('664', '4', '33', '30', '0', '0', 'pendiente');
INSERT INTO `partidos` VALUES ('665', '4', '30', '41', '0', '0', 'pendiente');
INSERT INTO `partidos` VALUES ('666', '4', '31', '33', '0', '0', 'pendiente');
INSERT INTO `partidos` VALUES ('667', '4', '42', '44', '0', '0', 'pendiente');
INSERT INTO `partidos` VALUES ('668', '4', '39', '37', '0', '0', 'pendiente');
INSERT INTO `partidos` VALUES ('669', '4', '32', '29', '0', '0', 'pendiente');
INSERT INTO `partidos` VALUES ('670', '4', '43', '36', '0', '0', 'pendiente');
INSERT INTO `partidos` VALUES ('671', '4', '38', '35', '0', '0', 'pendiente');
INSERT INTO `partidos` VALUES ('672', '4', '34', '40', '0', '0', 'pendiente');
INSERT INTO `partidos` VALUES ('673', '4', '41', '40', '0', '0', 'pendiente');
INSERT INTO `partidos` VALUES ('674', '4', '35', '34', '0', '0', 'pendiente');
INSERT INTO `partidos` VALUES ('675', '4', '36', '38', '0', '0', 'pendiente');
INSERT INTO `partidos` VALUES ('676', '4', '29', '43', '0', '0', 'pendiente');
INSERT INTO `partidos` VALUES ('677', '4', '37', '32', '0', '0', 'pendiente');
INSERT INTO `partidos` VALUES ('678', '4', '44', '39', '0', '0', 'pendiente');
INSERT INTO `partidos` VALUES ('679', '4', '33', '42', '0', '0', 'pendiente');
INSERT INTO `partidos` VALUES ('680', '4', '30', '31', '0', '0', 'pendiente');
INSERT INTO `partidos` VALUES ('681', '4', '31', '41', '0', '0', 'pendiente');
INSERT INTO `partidos` VALUES ('682', '4', '42', '30', '0', '0', 'pendiente');
INSERT INTO `partidos` VALUES ('683', '4', '39', '33', '0', '0', 'pendiente');
INSERT INTO `partidos` VALUES ('684', '4', '32', '44', '0', '0', 'pendiente');
INSERT INTO `partidos` VALUES ('685', '4', '43', '37', '0', '0', 'pendiente');
INSERT INTO `partidos` VALUES ('686', '4', '38', '29', '0', '0', 'pendiente');
INSERT INTO `partidos` VALUES ('687', '4', '34', '36', '0', '0', 'pendiente');
INSERT INTO `partidos` VALUES ('688', '4', '40', '35', '0', '0', 'pendiente');
INSERT INTO `partidos` VALUES ('689', '4', '41', '35', '0', '0', 'pendiente');
INSERT INTO `partidos` VALUES ('690', '4', '36', '40', '0', '0', 'pendiente');
INSERT INTO `partidos` VALUES ('691', '4', '29', '34', '0', '0', 'pendiente');
INSERT INTO `partidos` VALUES ('692', '4', '37', '38', '0', '0', 'pendiente');
INSERT INTO `partidos` VALUES ('693', '4', '44', '43', '0', '0', 'pendiente');
INSERT INTO `partidos` VALUES ('694', '4', '33', '32', '0', '0', 'pendiente');
INSERT INTO `partidos` VALUES ('695', '4', '30', '39', '0', '0', 'pendiente');
INSERT INTO `partidos` VALUES ('696', '4', '31', '42', '0', '0', 'pendiente');
INSERT INTO `partidos` VALUES ('697', '4', '42', '41', '0', '0', 'pendiente');
INSERT INTO `partidos` VALUES ('698', '4', '39', '31', '0', '0', 'pendiente');
INSERT INTO `partidos` VALUES ('699', '4', '32', '30', '0', '0', 'pendiente');
INSERT INTO `partidos` VALUES ('700', '4', '43', '33', '0', '0', 'pendiente');
INSERT INTO `partidos` VALUES ('701', '4', '38', '44', '0', '0', 'pendiente');
INSERT INTO `partidos` VALUES ('702', '4', '34', '37', '0', '0', 'pendiente');
INSERT INTO `partidos` VALUES ('703', '4', '40', '29', '0', '0', 'pendiente');
INSERT INTO `partidos` VALUES ('704', '4', '35', '36', '0', '0', 'pendiente');
INSERT INTO `partidos` VALUES ('705', '4', '41', '36', '0', '0', 'pendiente');
INSERT INTO `partidos` VALUES ('706', '4', '29', '35', '0', '0', 'pendiente');
INSERT INTO `partidos` VALUES ('707', '4', '37', '40', '0', '0', 'pendiente');
INSERT INTO `partidos` VALUES ('708', '4', '44', '34', '0', '0', 'pendiente');
INSERT INTO `partidos` VALUES ('709', '4', '33', '38', '0', '0', 'pendiente');
INSERT INTO `partidos` VALUES ('710', '4', '30', '43', '0', '0', 'pendiente');
INSERT INTO `partidos` VALUES ('711', '4', '31', '32', '0', '0', 'pendiente');
INSERT INTO `partidos` VALUES ('712', '4', '42', '39', '0', '0', 'pendiente');
INSERT INTO `partidos` VALUES ('713', '4', '39', '41', '0', '0', 'pendiente');
INSERT INTO `partidos` VALUES ('714', '4', '32', '42', '0', '0', 'pendiente');
INSERT INTO `partidos` VALUES ('715', '4', '43', '31', '0', '0', 'pendiente');
INSERT INTO `partidos` VALUES ('716', '4', '38', '30', '0', '0', 'pendiente');
INSERT INTO `partidos` VALUES ('717', '4', '34', '33', '0', '0', 'pendiente');
INSERT INTO `partidos` VALUES ('718', '4', '40', '44', '0', '0', 'pendiente');
INSERT INTO `partidos` VALUES ('719', '4', '35', '37', '0', '0', 'pendiente');
INSERT INTO `partidos` VALUES ('720', '4', '36', '29', '0', '0', 'pendiente');
INSERT INTO `partidos` VALUES ('721', '4', '41', '29', '0', '0', 'pendiente');
INSERT INTO `partidos` VALUES ('722', '4', '37', '36', '0', '0', 'pendiente');
INSERT INTO `partidos` VALUES ('723', '4', '44', '35', '0', '0', 'pendiente');
INSERT INTO `partidos` VALUES ('724', '4', '33', '40', '0', '0', 'pendiente');
INSERT INTO `partidos` VALUES ('725', '4', '30', '34', '0', '0', 'pendiente');
INSERT INTO `partidos` VALUES ('726', '4', '31', '38', '0', '0', 'pendiente');
INSERT INTO `partidos` VALUES ('727', '4', '42', '43', '0', '0', 'pendiente');
INSERT INTO `partidos` VALUES ('728', '4', '39', '32', '0', '0', 'pendiente');
INSERT INTO `partidos` VALUES ('729', '4', '32', '41', '0', '0', 'pendiente');
INSERT INTO `partidos` VALUES ('730', '4', '43', '39', '0', '0', 'pendiente');
INSERT INTO `partidos` VALUES ('731', '4', '38', '42', '0', '0', 'pendiente');
INSERT INTO `partidos` VALUES ('732', '4', '34', '31', '0', '0', 'pendiente');
INSERT INTO `partidos` VALUES ('733', '4', '40', '30', '0', '0', 'pendiente');
INSERT INTO `partidos` VALUES ('734', '4', '35', '33', '0', '0', 'pendiente');
INSERT INTO `partidos` VALUES ('735', '4', '36', '44', '0', '0', 'pendiente');
INSERT INTO `partidos` VALUES ('736', '4', '29', '37', '0', '0', 'pendiente');
INSERT INTO `partidos` VALUES ('737', '4', '41', '37', '0', '0', 'pendiente');
INSERT INTO `partidos` VALUES ('738', '4', '44', '29', '0', '0', 'pendiente');
INSERT INTO `partidos` VALUES ('739', '4', '33', '36', '0', '0', 'pendiente');
INSERT INTO `partidos` VALUES ('740', '4', '30', '35', '0', '0', 'pendiente');
INSERT INTO `partidos` VALUES ('741', '4', '31', '40', '0', '0', 'pendiente');
INSERT INTO `partidos` VALUES ('742', '4', '42', '34', '0', '0', 'pendiente');
INSERT INTO `partidos` VALUES ('743', '4', '39', '38', '0', '0', 'pendiente');
INSERT INTO `partidos` VALUES ('744', '4', '32', '43', '0', '0', 'pendiente');
INSERT INTO `partidos` VALUES ('745', '5', '33', '43', '1', '2', 'jugado');
INSERT INTO `partidos` VALUES ('746', '5', '37', '40', '1', '2', 'jugado');
INSERT INTO `partidos` VALUES ('747', '5', '41', '36', '2', '2', 'jugado');
INSERT INTO `partidos` VALUES ('748', '5', '39', '42', '2', '1', 'jugado');
INSERT INTO `partidos` VALUES ('749', '5', '30', '29', '1', '2', 'jugado');
INSERT INTO `partidos` VALUES ('750', '5', '44', '35', '3', '3', 'jugado');
INSERT INTO `partidos` VALUES ('751', '5', '31', '34', '2', '3', 'jugado');
INSERT INTO `partidos` VALUES ('752', '5', '32', '38', '1', '1', 'jugado');
INSERT INTO `partidos` VALUES ('753', '5', '43', '38', '0', '1', 'jugado');
INSERT INTO `partidos` VALUES ('754', '5', '34', '32', '2', '2', 'jugado');
INSERT INTO `partidos` VALUES ('755', '5', '35', '31', '1', '1', 'jugado');
INSERT INTO `partidos` VALUES ('756', '5', '29', '44', '2', '1', 'jugado');
INSERT INTO `partidos` VALUES ('757', '5', '42', '30', '3', '1', 'jugado');
INSERT INTO `partidos` VALUES ('758', '5', '36', '39', '4', '2', 'jugado');
INSERT INTO `partidos` VALUES ('759', '5', '40', '41', '3', '1', 'jugado');
INSERT INTO `partidos` VALUES ('760', '5', '33', '37', '3', '2', 'jugado');
INSERT INTO `partidos` VALUES ('761', '5', '37', '43', '0', '1', 'jugado');
INSERT INTO `partidos` VALUES ('762', '5', '41', '33', '0', '6', 'jugado');
INSERT INTO `partidos` VALUES ('763', '5', '39', '40', '3', '2', 'jugado');
INSERT INTO `partidos` VALUES ('764', '5', '30', '36', '3', '0', 'jugado');
INSERT INTO `partidos` VALUES ('765', '5', '44', '42', '1', '2', 'jugado');
INSERT INTO `partidos` VALUES ('766', '5', '31', '29', '2', '2', 'jugado');
INSERT INTO `partidos` VALUES ('767', '5', '32', '35', '2', '2', 'jugado');
INSERT INTO `partidos` VALUES ('768', '5', '38', '34', '1', '1', 'jugado');
INSERT INTO `partidos` VALUES ('769', '5', '43', '34', '3', '1', 'jugado');
INSERT INTO `partidos` VALUES ('770', '5', '35', '38', '2', '1', 'jugado');
INSERT INTO `partidos` VALUES ('771', '5', '29', '32', '0', '0', 'jugado');
INSERT INTO `partidos` VALUES ('772', '5', '42', '31', '0', '1', 'jugado');
INSERT INTO `partidos` VALUES ('773', '5', '36', '44', '1', '0', 'jugado');
INSERT INTO `partidos` VALUES ('774', '5', '40', '30', '1', '1', 'jugado');
INSERT INTO `partidos` VALUES ('775', '5', '33', '39', '3', '0', 'jugado');
INSERT INTO `partidos` VALUES ('776', '5', '37', '41', '2', '2', 'jugado');
INSERT INTO `partidos` VALUES ('777', '5', '41', '43', '1', '1', 'jugado');
INSERT INTO `partidos` VALUES ('778', '5', '39', '37', '4', '0', 'jugado');
INSERT INTO `partidos` VALUES ('779', '5', '30', '33', '4', '1', 'jugado');
INSERT INTO `partidos` VALUES ('780', '5', '44', '40', '2', '0', 'jugado');
INSERT INTO `partidos` VALUES ('781', '5', '31', '36', '0', '3', 'jugado');
INSERT INTO `partidos` VALUES ('782', '5', '32', '42', '2', '0', 'jugado');
INSERT INTO `partidos` VALUES ('783', '5', '38', '29', '0', '1', 'jugado');
INSERT INTO `partidos` VALUES ('784', '5', '34', '35', '3', '0', 'jugado');
INSERT INTO `partidos` VALUES ('785', '5', '43', '35', '4', '2', 'jugado');
INSERT INTO `partidos` VALUES ('786', '5', '29', '34', '4', '0', 'jugado');
INSERT INTO `partidos` VALUES ('787', '5', '42', '38', '4', '0', 'jugado');
INSERT INTO `partidos` VALUES ('788', '5', '36', '32', '0', '3', 'jugado');
INSERT INTO `partidos` VALUES ('789', '5', '40', '31', '1', '2', 'jugado');
INSERT INTO `partidos` VALUES ('790', '5', '33', '44', '3', '1', 'jugado');
INSERT INTO `partidos` VALUES ('791', '5', '37', '30', '1', '3', 'jugado');
INSERT INTO `partidos` VALUES ('792', '5', '41', '39', '3', '2', 'jugado');
INSERT INTO `partidos` VALUES ('793', '5', '39', '43', '0', '0', 'jugado');
INSERT INTO `partidos` VALUES ('794', '5', '30', '41', '4', '1', 'jugado');
INSERT INTO `partidos` VALUES ('795', '5', '44', '37', '1', '3', 'jugado');
INSERT INTO `partidos` VALUES ('796', '5', '31', '33', '1', '3', 'jugado');
INSERT INTO `partidos` VALUES ('797', '5', '32', '40', '4', '1', 'jugado');
INSERT INTO `partidos` VALUES ('798', '5', '38', '36', '0', '0', 'jugado');
INSERT INTO `partidos` VALUES ('799', '5', '34', '42', '3', '1', 'jugado');
INSERT INTO `partidos` VALUES ('800', '5', '35', '29', '3', '4', 'jugado');
INSERT INTO `partidos` VALUES ('801', '5', '43', '29', '1', '3', 'jugado');
INSERT INTO `partidos` VALUES ('802', '5', '42', '35', '1', '2', 'jugado');
INSERT INTO `partidos` VALUES ('803', '5', '36', '34', '1', '0', 'jugado');
INSERT INTO `partidos` VALUES ('804', '5', '40', '38', '1', '2', 'jugado');
INSERT INTO `partidos` VALUES ('805', '5', '33', '32', '5', '2', 'jugado');
INSERT INTO `partidos` VALUES ('806', '5', '37', '31', '1', '0', 'jugado');
INSERT INTO `partidos` VALUES ('807', '5', '41', '44', '0', '2', 'jugado');
INSERT INTO `partidos` VALUES ('808', '5', '39', '30', '0', '1', 'jugado');
INSERT INTO `partidos` VALUES ('809', '5', '30', '43', '1', '1', 'jugado');
INSERT INTO `partidos` VALUES ('810', '5', '44', '39', '3', '0', 'jugado');
INSERT INTO `partidos` VALUES ('811', '5', '31', '41', '2', '0', 'jugado');
INSERT INTO `partidos` VALUES ('812', '5', '32', '37', '0', '0', 'jugado');
INSERT INTO `partidos` VALUES ('813', '5', '38', '33', '0', '1', 'jugado');
INSERT INTO `partidos` VALUES ('814', '5', '34', '40', '3', '0', 'jugado');
INSERT INTO `partidos` VALUES ('815', '5', '35', '36', '2', '1', 'jugado');
INSERT INTO `partidos` VALUES ('816', '5', '29', '42', '4', '0', 'jugado');
INSERT INTO `partidos` VALUES ('817', '5', '43', '42', '1', '0', 'jugado');
INSERT INTO `partidos` VALUES ('818', '5', '36', '29', '0', '3', 'jugado');
INSERT INTO `partidos` VALUES ('819', '5', '40', '35', '2', '1', 'jugado');
INSERT INTO `partidos` VALUES ('820', '5', '33', '34', '1', '1', 'jugado');
INSERT INTO `partidos` VALUES ('821', '5', '37', '38', '2', '1', 'jugado');
INSERT INTO `partidos` VALUES ('822', '5', '41', '32', '2', '1', 'jugado');
INSERT INTO `partidos` VALUES ('823', '5', '39', '31', '0', '1', 'jugado');
INSERT INTO `partidos` VALUES ('824', '5', '30', '44', '3', '1', 'jugado');
INSERT INTO `partidos` VALUES ('825', '5', '44', '43', '1', '1', 'jugado');
INSERT INTO `partidos` VALUES ('826', '5', '31', '30', '2', '2', 'jugado');
INSERT INTO `partidos` VALUES ('827', '5', '32', '39', '4', '1', 'jugado');
INSERT INTO `partidos` VALUES ('828', '5', '38', '41', '1', '4', 'jugado');
INSERT INTO `partidos` VALUES ('829', '5', '34', '37', '3', '0', 'jugado');
INSERT INTO `partidos` VALUES ('830', '5', '35', '33', '1', '0', 'jugado');
INSERT INTO `partidos` VALUES ('831', '5', '29', '40', '4', '1', 'jugado');
INSERT INTO `partidos` VALUES ('832', '5', '42', '36', '1', '2', 'jugado');
INSERT INTO `partidos` VALUES ('833', '5', '43', '36', '0', '1', 'jugado');
INSERT INTO `partidos` VALUES ('834', '5', '40', '42', '2', '0', 'jugado');
INSERT INTO `partidos` VALUES ('835', '5', '33', '29', '2', '2', 'jugado');
INSERT INTO `partidos` VALUES ('836', '5', '37', '35', '2', '3', 'jugado');
INSERT INTO `partidos` VALUES ('837', '5', '41', '34', '1', '1', 'jugado');
INSERT INTO `partidos` VALUES ('838', '5', '39', '38', '2', '3', 'jugado');
INSERT INTO `partidos` VALUES ('839', '5', '30', '32', '1', '1', 'jugado');
INSERT INTO `partidos` VALUES ('840', '5', '44', '31', '1', '2', 'jugado');
INSERT INTO `partidos` VALUES ('841', '5', '31', '43', '3', '1', 'jugado');
INSERT INTO `partidos` VALUES ('842', '5', '32', '44', '0', '2', 'jugado');
INSERT INTO `partidos` VALUES ('843', '5', '38', '30', '1', '1', 'jugado');
INSERT INTO `partidos` VALUES ('844', '5', '34', '39', '1', '2', 'jugado');
INSERT INTO `partidos` VALUES ('845', '5', '35', '41', '0', '0', 'jugado');
INSERT INTO `partidos` VALUES ('846', '5', '29', '37', '1', '3', 'jugado');
INSERT INTO `partidos` VALUES ('847', '5', '42', '33', '2', '1', 'jugado');
INSERT INTO `partidos` VALUES ('848', '5', '36', '40', '3', '1', 'jugado');
INSERT INTO `partidos` VALUES ('849', '5', '43', '40', '1', '2', 'jugado');
INSERT INTO `partidos` VALUES ('850', '5', '33', '36', '2', '0', 'jugado');
INSERT INTO `partidos` VALUES ('851', '5', '37', '42', '4', '0', 'jugado');
INSERT INTO `partidos` VALUES ('852', '5', '41', '29', '0', '1', 'jugado');
INSERT INTO `partidos` VALUES ('853', '5', '39', '35', '0', '0', 'jugado');
INSERT INTO `partidos` VALUES ('854', '5', '30', '34', '1', '0', 'jugado');
INSERT INTO `partidos` VALUES ('855', '5', '44', '38', '4', '1', 'jugado');
INSERT INTO `partidos` VALUES ('856', '5', '31', '32', '2', '1', 'jugado');
INSERT INTO `partidos` VALUES ('857', '5', '32', '43', '4', '1', 'jugado');
INSERT INTO `partidos` VALUES ('858', '5', '38', '31', '0', '3', 'jugado');
INSERT INTO `partidos` VALUES ('859', '5', '34', '44', '3', '0', 'jugado');
INSERT INTO `partidos` VALUES ('860', '5', '35', '30', '0', '5', 'jugado');
INSERT INTO `partidos` VALUES ('861', '5', '29', '39', '2', '1', 'jugado');
INSERT INTO `partidos` VALUES ('862', '5', '42', '41', '1', '1', 'jugado');
INSERT INTO `partidos` VALUES ('863', '5', '36', '37', '2', '1', 'jugado');
INSERT INTO `partidos` VALUES ('864', '5', '40', '33', '1', '0', 'jugado');
INSERT INTO `partidos` VALUES ('865', '5', '43', '32', '3', '1', 'jugado');
INSERT INTO `partidos` VALUES ('866', '5', '31', '38', '5', '1', 'jugado');
INSERT INTO `partidos` VALUES ('867', '5', '44', '34', '1', '2', 'jugado');
INSERT INTO `partidos` VALUES ('868', '5', '30', '35', '1', '0', 'jugado');
INSERT INTO `partidos` VALUES ('869', '5', '39', '29', '1', '4', 'jugado');
INSERT INTO `partidos` VALUES ('870', '5', '41', '42', '2', '0', 'jugado');
INSERT INTO `partidos` VALUES ('871', '5', '37', '36', '2', '2', 'jugado');
INSERT INTO `partidos` VALUES ('872', '5', '33', '40', '3', '1', 'jugado');
INSERT INTO `partidos` VALUES ('873', '5', '40', '43', '2', '1', 'jugado');
INSERT INTO `partidos` VALUES ('874', '5', '36', '33', '0', '0', 'jugado');
INSERT INTO `partidos` VALUES ('875', '5', '42', '37', '2', '1', 'jugado');
INSERT INTO `partidos` VALUES ('876', '5', '29', '41', '0', '1', 'jugado');
INSERT INTO `partidos` VALUES ('877', '5', '35', '39', '2', '0', 'jugado');
INSERT INTO `partidos` VALUES ('878', '5', '34', '30', '2', '2', 'jugado');
INSERT INTO `partidos` VALUES ('879', '5', '38', '44', '3', '2', 'jugado');
INSERT INTO `partidos` VALUES ('880', '5', '32', '31', '2', '1', 'jugado');
INSERT INTO `partidos` VALUES ('881', '5', '43', '31', '0', '3', 'jugado');
INSERT INTO `partidos` VALUES ('882', '5', '44', '32', '5', '2', 'jugado');
INSERT INTO `partidos` VALUES ('883', '5', '30', '38', '1', '1', 'jugado');
INSERT INTO `partidos` VALUES ('884', '5', '39', '34', '2', '2', 'jugado');
INSERT INTO `partidos` VALUES ('885', '5', '41', '35', '4', '1', 'jugado');
INSERT INTO `partidos` VALUES ('886', '5', '37', '29', '1', '2', 'jugado');
INSERT INTO `partidos` VALUES ('887', '5', '33', '42', '0', '0', 'jugado');
INSERT INTO `partidos` VALUES ('888', '5', '40', '36', '1', '0', 'jugado');
INSERT INTO `partidos` VALUES ('889', '5', '36', '43', '5', '1', 'jugado');
INSERT INTO `partidos` VALUES ('890', '5', '42', '40', '1', '0', 'jugado');
INSERT INTO `partidos` VALUES ('891', '5', '29', '33', '1', '1', 'jugado');
INSERT INTO `partidos` VALUES ('892', '5', '35', '37', '3', '1', 'jugado');
INSERT INTO `partidos` VALUES ('893', '5', '34', '41', '0', '0', 'jugado');
INSERT INTO `partidos` VALUES ('894', '5', '38', '39', '2', '0', 'jugado');
INSERT INTO `partidos` VALUES ('895', '5', '32', '30', '1', '2', 'jugado');
INSERT INTO `partidos` VALUES ('896', '5', '31', '44', '2', '0', 'jugado');
INSERT INTO `partidos` VALUES ('897', '5', '43', '44', '3', '3', 'jugado');
INSERT INTO `partidos` VALUES ('898', '5', '30', '31', '1', '2', 'jugado');
INSERT INTO `partidos` VALUES ('899', '5', '39', '32', '3', '2', 'jugado');
INSERT INTO `partidos` VALUES ('900', '5', '41', '38', '0', '1', 'jugado');
INSERT INTO `partidos` VALUES ('901', '5', '37', '34', '3', '3', 'jugado');
INSERT INTO `partidos` VALUES ('902', '5', '33', '35', '3', '1', 'jugado');
INSERT INTO `partidos` VALUES ('903', '5', '40', '29', '0', '3', 'jugado');
INSERT INTO `partidos` VALUES ('904', '5', '36', '42', '1', '3', 'jugado');
INSERT INTO `partidos` VALUES ('905', '5', '42', '43', '2', '2', 'jugado');
INSERT INTO `partidos` VALUES ('906', '5', '29', '36', '3', '0', 'jugado');
INSERT INTO `partidos` VALUES ('907', '5', '35', '40', '1', '0', 'jugado');
INSERT INTO `partidos` VALUES ('908', '5', '34', '33', '1', '1', 'jugado');
INSERT INTO `partidos` VALUES ('909', '5', '38', '37', '2', '3', 'jugado');
INSERT INTO `partidos` VALUES ('910', '5', '32', '41', '3', '0', 'jugado');
INSERT INTO `partidos` VALUES ('911', '5', '31', '39', '2', '1', 'jugado');
INSERT INTO `partidos` VALUES ('912', '5', '44', '30', '1', '1', 'jugado');
INSERT INTO `partidos` VALUES ('913', '5', '43', '30', '0', '5', 'jugado');
INSERT INTO `partidos` VALUES ('914', '5', '39', '44', '2', '1', 'jugado');
INSERT INTO `partidos` VALUES ('915', '5', '41', '31', '0', '2', 'jugado');
INSERT INTO `partidos` VALUES ('916', '5', '37', '32', '1', '1', 'jugado');
INSERT INTO `partidos` VALUES ('917', '5', '33', '38', '1', '0', 'jugado');
INSERT INTO `partidos` VALUES ('918', '5', '40', '34', '0', '7', 'jugado');
INSERT INTO `partidos` VALUES ('919', '5', '36', '35', '3', '0', 'jugado');
INSERT INTO `partidos` VALUES ('920', '5', '42', '29', '0', '3', 'jugado');
INSERT INTO `partidos` VALUES ('921', '5', '29', '43', '1', '1', 'jugado');
INSERT INTO `partidos` VALUES ('922', '5', '35', '42', '2', '1', 'jugado');
INSERT INTO `partidos` VALUES ('923', '5', '34', '36', '3', '1', 'jugado');
INSERT INTO `partidos` VALUES ('924', '5', '38', '40', '2', '1', 'jugado');
INSERT INTO `partidos` VALUES ('925', '5', '32', '33', '0', '4', 'jugado');
INSERT INTO `partidos` VALUES ('926', '5', '31', '37', '0', '0', 'jugado');
INSERT INTO `partidos` VALUES ('927', '5', '44', '41', '3', '2', 'jugado');
INSERT INTO `partidos` VALUES ('928', '5', '30', '39', '2', '1', 'jugado');
INSERT INTO `partidos` VALUES ('929', '5', '43', '39', '1', '1', 'jugado');
INSERT INTO `partidos` VALUES ('930', '5', '41', '30', '4', '2', 'jugado');
INSERT INTO `partidos` VALUES ('931', '5', '37', '44', '2', '1', 'jugado');
INSERT INTO `partidos` VALUES ('932', '5', '33', '31', '1', '0', 'jugado');
INSERT INTO `partidos` VALUES ('933', '5', '40', '32', '1', '1', 'jugado');
INSERT INTO `partidos` VALUES ('934', '5', '36', '38', '1', '0', 'jugado');
INSERT INTO `partidos` VALUES ('935', '5', '42', '34', '3', '1', 'jugado');
INSERT INTO `partidos` VALUES ('936', '5', '29', '35', '3', '1', 'jugado');
INSERT INTO `partidos` VALUES ('937', '5', '35', '43', '2', '0', 'jugado');
INSERT INTO `partidos` VALUES ('938', '5', '34', '29', '3', '4', 'jugado');
INSERT INTO `partidos` VALUES ('939', '5', '38', '42', '1', '0', 'jugado');
INSERT INTO `partidos` VALUES ('940', '5', '32', '36', '2', '1', 'jugado');
INSERT INTO `partidos` VALUES ('941', '5', '31', '40', '2', '3', 'jugado');
INSERT INTO `partidos` VALUES ('942', '5', '44', '33', '1', '1', 'jugado');
INSERT INTO `partidos` VALUES ('943', '5', '30', '37', '3', '0', 'jugado');
INSERT INTO `partidos` VALUES ('944', '5', '39', '41', '0', '1', 'jugado');
INSERT INTO `partidos` VALUES ('945', '5', '43', '41', '2', '1', 'jugado');
INSERT INTO `partidos` VALUES ('946', '5', '37', '39', '2', '3', 'jugado');
INSERT INTO `partidos` VALUES ('947', '5', '33', '30', '2', '1', 'jugado');
INSERT INTO `partidos` VALUES ('948', '5', '40', '44', '3', '1', 'jugado');
INSERT INTO `partidos` VALUES ('949', '5', '36', '31', '3', '1', 'jugado');
INSERT INTO `partidos` VALUES ('950', '5', '42', '32', '0', '1', 'jugado');
INSERT INTO `partidos` VALUES ('951', '5', '29', '38', '1', '1', 'jugado');
INSERT INTO `partidos` VALUES ('952', '5', '35', '34', '0', '0', 'jugado');
INSERT INTO `partidos` VALUES ('953', '5', '34', '43', '1', '0', 'jugado');
INSERT INTO `partidos` VALUES ('954', '5', '38', '35', '4', '1', 'jugado');
INSERT INTO `partidos` VALUES ('955', '5', '32', '29', '1', '1', 'jugado');
INSERT INTO `partidos` VALUES ('956', '5', '31', '42', '0', '1', 'jugado');
INSERT INTO `partidos` VALUES ('957', '5', '44', '36', '0', '0', 'jugado');
INSERT INTO `partidos` VALUES ('958', '5', '30', '40', '3', '1', 'jugado');
INSERT INTO `partidos` VALUES ('959', '5', '39', '33', '1', '2', 'jugado');
INSERT INTO `partidos` VALUES ('960', '5', '41', '37', '2', '2', 'jugado');
INSERT INTO `partidos` VALUES ('961', '5', '43', '37', '2', '0', 'jugado');
INSERT INTO `partidos` VALUES ('962', '5', '33', '41', '2', '0', 'jugado');
INSERT INTO `partidos` VALUES ('963', '5', '40', '39', '2', '1', 'jugado');
INSERT INTO `partidos` VALUES ('964', '5', '36', '30', '0', '1', 'jugado');
INSERT INTO `partidos` VALUES ('965', '5', '42', '44', '1', '0', 'jugado');
INSERT INTO `partidos` VALUES ('966', '5', '29', '31', '1', '1', 'jugado');
INSERT INTO `partidos` VALUES ('967', '5', '35', '32', '1', '1', 'jugado');
INSERT INTO `partidos` VALUES ('968', '5', '34', '38', '3', '0', 'jugado');
INSERT INTO `partidos` VALUES ('969', '5', '38', '43', '1', '1', 'jugado');
INSERT INTO `partidos` VALUES ('970', '5', '32', '34', '1', '1', 'jugado');
INSERT INTO `partidos` VALUES ('971', '5', '31', '35', '1', '2', 'jugado');
INSERT INTO `partidos` VALUES ('972', '5', '44', '29', '1', '2', 'jugado');
INSERT INTO `partidos` VALUES ('973', '5', '30', '42', '1', '1', 'jugado');
INSERT INTO `partidos` VALUES ('974', '5', '39', '36', '0', '1', 'jugado');
INSERT INTO `partidos` VALUES ('975', '5', '41', '40', '0', '0', 'jugado');
INSERT INTO `partidos` VALUES ('976', '5', '37', '33', '1', '2', 'jugado');
INSERT INTO `partidos` VALUES ('977', '5', '43', '33', '1', '2', 'jugado');
INSERT INTO `partidos` VALUES ('978', '5', '40', '37', '0', '1', 'jugado');
INSERT INTO `partidos` VALUES ('979', '5', '36', '41', '1', '1', 'jugado');
INSERT INTO `partidos` VALUES ('980', '5', '42', '39', '4', '3', 'jugado');
INSERT INTO `partidos` VALUES ('981', '5', '29', '30', '3', '0', 'jugado');
INSERT INTO `partidos` VALUES ('982', '5', '35', '44', '2', '0', 'jugado');
INSERT INTO `partidos` VALUES ('983', '5', '34', '31', '2', '2', 'jugado');
INSERT INTO `partidos` VALUES ('984', '5', '38', '32', '1', '1', 'jugado');
INSERT INTO `partidos` VALUES ('985', '6', '1', '3', '1', '1', 'jugado');
INSERT INTO `partidos` VALUES ('986', '6', '5', '6', '4', '1', 'jugado');
INSERT INTO `partidos` VALUES ('987', '6', '9', '10', '5', '2', 'jugado');
INSERT INTO `partidos` VALUES ('988', '6', '11', '12', '2', '1', 'jugado');
INSERT INTO `partidos` VALUES ('989', '6', '4', '8', '3', '1', 'jugado');
INSERT INTO `partidos` VALUES ('990', '6', '2', '7', '2', '0', 'jugado');
INSERT INTO `partidos` VALUES ('991', '6', '3', '7', '0', '2', 'jugado');
INSERT INTO `partidos` VALUES ('992', '6', '8', '2', '1', '3', 'jugado');
INSERT INTO `partidos` VALUES ('993', '6', '12', '4', '1', '0', 'jugado');
INSERT INTO `partidos` VALUES ('994', '6', '10', '11', '4', '2', 'jugado');
INSERT INTO `partidos` VALUES ('995', '6', '6', '9', '1', '2', 'jugado');
INSERT INTO `partidos` VALUES ('996', '6', '1', '5', '1', '3', 'jugado');
INSERT INTO `partidos` VALUES ('997', '6', '5', '3', '1', '1', 'jugado');
INSERT INTO `partidos` VALUES ('998', '6', '9', '1', '1', '2', 'jugado');
INSERT INTO `partidos` VALUES ('999', '6', '11', '6', '1', '1', 'jugado');
INSERT INTO `partidos` VALUES ('1000', '6', '4', '10', '2', '1', 'jugado');
INSERT INTO `partidos` VALUES ('1001', '6', '2', '12', '2', '1', 'jugado');
INSERT INTO `partidos` VALUES ('1002', '6', '7', '8', '2', '2', 'jugado');
INSERT INTO `partidos` VALUES ('1003', '6', '3', '8', '1', '3', 'jugado');
INSERT INTO `partidos` VALUES ('1004', '6', '12', '7', '0', '0', 'jugado');
INSERT INTO `partidos` VALUES ('1005', '6', '10', '2', '0', '0', 'jugado');
INSERT INTO `partidos` VALUES ('1006', '6', '6', '4', '1', '2', 'jugado');
INSERT INTO `partidos` VALUES ('1007', '6', '1', '11', '2', '1', 'jugado');
INSERT INTO `partidos` VALUES ('1008', '6', '5', '9', '2', '0', 'jugado');
INSERT INTO `partidos` VALUES ('1009', '6', '9', '3', '4', '2', 'jugado');
INSERT INTO `partidos` VALUES ('1010', '6', '11', '5', '1', '1', 'jugado');
INSERT INTO `partidos` VALUES ('1011', '6', '4', '1', '4', '3', 'jugado');
INSERT INTO `partidos` VALUES ('1012', '6', '2', '6', '1', '2', 'jugado');
INSERT INTO `partidos` VALUES ('1013', '6', '7', '10', '1', '1', 'jugado');
INSERT INTO `partidos` VALUES ('1014', '6', '8', '12', '1', '2', 'jugado');
INSERT INTO `partidos` VALUES ('1015', '6', '3', '12', '2', '1', 'jugado');
INSERT INTO `partidos` VALUES ('1016', '6', '10', '8', '0', '3', 'jugado');
INSERT INTO `partidos` VALUES ('1017', '6', '6', '7', '1', '1', 'jugado');
INSERT INTO `partidos` VALUES ('1018', '6', '1', '2', '2', '0', 'jugado');
INSERT INTO `partidos` VALUES ('1019', '6', '5', '4', '1', '1', 'jugado');
INSERT INTO `partidos` VALUES ('1020', '6', '9', '11', '2', '1', 'jugado');
INSERT INTO `partidos` VALUES ('1021', '6', '11', '3', '1', '1', 'jugado');
INSERT INTO `partidos` VALUES ('1022', '6', '4', '9', '4', '1', 'jugado');
INSERT INTO `partidos` VALUES ('1023', '6', '2', '5', '1', '0', 'jugado');
INSERT INTO `partidos` VALUES ('1024', '6', '7', '1', '1', '1', 'jugado');
INSERT INTO `partidos` VALUES ('1025', '6', '8', '6', '0', '2', 'jugado');
INSERT INTO `partidos` VALUES ('1026', '6', '12', '10', '0', '4', 'jugado');
INSERT INTO `partidos` VALUES ('1027', '6', '3', '10', '1', '0', 'jugado');
INSERT INTO `partidos` VALUES ('1028', '6', '6', '12', '1', '1', 'jugado');
INSERT INTO `partidos` VALUES ('1029', '6', '1', '8', '2', '0', 'jugado');
INSERT INTO `partidos` VALUES ('1030', '6', '5', '7', '1', '4', 'jugado');
INSERT INTO `partidos` VALUES ('1031', '6', '9', '2', '0', '5', 'jugado');
INSERT INTO `partidos` VALUES ('1032', '6', '11', '4', '1', '0', 'jugado');
INSERT INTO `partidos` VALUES ('1033', '6', '4', '3', '2', '1', 'jugado');
INSERT INTO `partidos` VALUES ('1034', '6', '2', '11', '3', '1', 'jugado');
INSERT INTO `partidos` VALUES ('1035', '6', '7', '9', '1', '2', 'jugado');
INSERT INTO `partidos` VALUES ('1036', '6', '8', '5', '0', '1', 'jugado');
INSERT INTO `partidos` VALUES ('1037', '6', '12', '1', '0', '2', 'jugado');
INSERT INTO `partidos` VALUES ('1038', '6', '10', '6', '3', '0', 'jugado');
INSERT INTO `partidos` VALUES ('1039', '6', '3', '6', '4', '1', 'jugado');
INSERT INTO `partidos` VALUES ('1040', '6', '1', '10', '0', '1', 'jugado');
INSERT INTO `partidos` VALUES ('1041', '6', '5', '12', '3', '3', 'jugado');
INSERT INTO `partidos` VALUES ('1042', '6', '9', '8', '4', '1', 'jugado');
INSERT INTO `partidos` VALUES ('1043', '6', '11', '7', '0', '0', 'jugado');
INSERT INTO `partidos` VALUES ('1044', '6', '4', '2', '1', '1', 'jugado');
INSERT INTO `partidos` VALUES ('1045', '6', '2', '3', '1', '0', 'jugado');
INSERT INTO `partidos` VALUES ('1046', '6', '7', '4', '1', '2', 'jugado');
INSERT INTO `partidos` VALUES ('1047', '6', '8', '11', '2', '1', 'jugado');
INSERT INTO `partidos` VALUES ('1048', '6', '12', '9', '0', '2', 'jugado');
INSERT INTO `partidos` VALUES ('1049', '6', '10', '5', '1', '1', 'jugado');
INSERT INTO `partidos` VALUES ('1050', '6', '6', '1', '1', '0', 'jugado');
INSERT INTO `partidos` VALUES ('1051', '6', '3', '2', '2', '1', 'jugado');
INSERT INTO `partidos` VALUES ('1052', '6', '4', '7', '2', '3', 'jugado');
INSERT INTO `partidos` VALUES ('1053', '6', '11', '8', '2', '1', 'jugado');
INSERT INTO `partidos` VALUES ('1054', '6', '9', '12', '1', '3', 'jugado');
INSERT INTO `partidos` VALUES ('1055', '6', '5', '10', '4', '1', 'jugado');
INSERT INTO `partidos` VALUES ('1056', '6', '1', '6', '1', '1', 'jugado');
INSERT INTO `partidos` VALUES ('1057', '6', '6', '3', '0', '1', 'jugado');
INSERT INTO `partidos` VALUES ('1058', '6', '10', '1', '2', '3', 'jugado');
INSERT INTO `partidos` VALUES ('1059', '6', '12', '5', '1', '2', 'jugado');
INSERT INTO `partidos` VALUES ('1060', '6', '8', '9', '1', '1', 'jugado');
INSERT INTO `partidos` VALUES ('1061', '6', '7', '11', '0', '0', 'jugado');
INSERT INTO `partidos` VALUES ('1062', '6', '2', '4', '1', '2', 'jugado');
INSERT INTO `partidos` VALUES ('1063', '6', '3', '4', '1', '1', 'jugado');
INSERT INTO `partidos` VALUES ('1064', '6', '11', '2', '1', '1', 'jugado');
INSERT INTO `partidos` VALUES ('1065', '6', '9', '7', '2', '1', 'jugado');
INSERT INTO `partidos` VALUES ('1066', '6', '5', '8', '1', '1', 'jugado');
INSERT INTO `partidos` VALUES ('1067', '6', '1', '12', '1', '1', 'jugado');
INSERT INTO `partidos` VALUES ('1068', '6', '6', '10', '1', '2', 'jugado');
INSERT INTO `partidos` VALUES ('1069', '6', '10', '3', '4', '0', 'jugado');
INSERT INTO `partidos` VALUES ('1070', '6', '12', '6', '1', '0', 'jugado');
INSERT INTO `partidos` VALUES ('1071', '6', '8', '1', '0', '1', 'jugado');
INSERT INTO `partidos` VALUES ('1072', '6', '7', '5', '2', '0', 'jugado');
INSERT INTO `partidos` VALUES ('1073', '6', '2', '9', '5', '0', 'jugado');
INSERT INTO `partidos` VALUES ('1074', '6', '4', '11', '3', '1', 'jugado');
INSERT INTO `partidos` VALUES ('1075', '6', '3', '11', '2', '3', 'jugado');
INSERT INTO `partidos` VALUES ('1076', '6', '9', '4', '1', '1', 'jugado');
INSERT INTO `partidos` VALUES ('1077', '6', '5', '2', '4', '1', 'jugado');
INSERT INTO `partidos` VALUES ('1078', '6', '1', '7', '4', '1', 'jugado');
INSERT INTO `partidos` VALUES ('1079', '6', '6', '8', '1', '1', 'jugado');
INSERT INTO `partidos` VALUES ('1080', '6', '10', '12', '1', '2', 'jugado');
INSERT INTO `partidos` VALUES ('1081', '6', '12', '3', '2', '0', 'jugado');
INSERT INTO `partidos` VALUES ('1082', '6', '8', '10', '1', '1', 'jugado');
INSERT INTO `partidos` VALUES ('1083', '6', '7', '6', '2', '2', 'jugado');
INSERT INTO `partidos` VALUES ('1084', '6', '2', '1', '2', '1', 'jugado');
INSERT INTO `partidos` VALUES ('1085', '6', '4', '5', '0', '4', 'jugado');
INSERT INTO `partidos` VALUES ('1086', '6', '11', '9', '5', '2', 'jugado');
INSERT INTO `partidos` VALUES ('1087', '6', '3', '9', '2', '1', 'jugado');
INSERT INTO `partidos` VALUES ('1088', '6', '5', '11', '3', '1', 'jugado');
INSERT INTO `partidos` VALUES ('1089', '6', '1', '4', '4', '3', 'jugado');
INSERT INTO `partidos` VALUES ('1090', '6', '6', '2', '1', '1', 'jugado');
INSERT INTO `partidos` VALUES ('1091', '6', '10', '7', '4', '1', 'jugado');
INSERT INTO `partidos` VALUES ('1092', '6', '12', '8', '2', '1', 'jugado');
INSERT INTO `partidos` VALUES ('1093', '6', '8', '3', '1', '3', 'jugado');
INSERT INTO `partidos` VALUES ('1094', '6', '7', '12', '2', '1', 'jugado');
INSERT INTO `partidos` VALUES ('1095', '6', '2', '10', '3', '0', 'jugado');
INSERT INTO `partidos` VALUES ('1096', '6', '4', '6', '3', '1', 'jugado');
INSERT INTO `partidos` VALUES ('1097', '6', '11', '1', '1', '1', 'jugado');
INSERT INTO `partidos` VALUES ('1098', '6', '9', '5', '1', '0', 'jugado');
INSERT INTO `partidos` VALUES ('1099', '6', '3', '5', '3', '1', 'jugado');
INSERT INTO `partidos` VALUES ('1100', '6', '1', '9', '2', '1', 'jugado');
INSERT INTO `partidos` VALUES ('1101', '6', '6', '11', '3', '2', 'jugado');
INSERT INTO `partidos` VALUES ('1102', '6', '10', '4', '0', '1', 'jugado');
INSERT INTO `partidos` VALUES ('1103', '6', '12', '2', '0', '1', 'jugado');
INSERT INTO `partidos` VALUES ('1104', '6', '8', '7', '3', '1', 'jugado');
INSERT INTO `partidos` VALUES ('1105', '6', '7', '3', '1', '2', 'jugado');
INSERT INTO `partidos` VALUES ('1106', '6', '2', '8', '5', '1', 'jugado');
INSERT INTO `partidos` VALUES ('1107', '6', '4', '12', '2', '1', 'jugado');
INSERT INTO `partidos` VALUES ('1108', '6', '11', '10', '2', '2', 'jugado');
INSERT INTO `partidos` VALUES ('1109', '6', '9', '6', '2', '1', 'jugado');
INSERT INTO `partidos` VALUES ('1110', '6', '5', '1', '1', '3', 'jugado');
INSERT INTO `partidos` VALUES ('1111', '6', '3', '1', '0', '1', 'jugado');
INSERT INTO `partidos` VALUES ('1112', '6', '6', '5', '1', '1', 'jugado');
INSERT INTO `partidos` VALUES ('1113', '6', '10', '9', '4', '2', 'jugado');
INSERT INTO `partidos` VALUES ('1114', '6', '12', '11', '2', '3', 'jugado');
INSERT INTO `partidos` VALUES ('1115', '6', '8', '4', '2', '2', 'jugado');
INSERT INTO `partidos` VALUES ('1116', '6', '7', '2', '1', '2', 'jugado');
INSERT INTO `partidos` VALUES ('1117', '7', '5', '4', '0', '1', 'jugado');
INSERT INTO `partidos` VALUES ('1118', '7', '8', '2', '0', '0', 'jugado');
INSERT INTO `partidos` VALUES ('1119', '7', '10', '3', '1', '2', 'jugado');
INSERT INTO `partidos` VALUES ('1120', '7', '7', '11', '4', '0', 'jugado');
INSERT INTO `partidos` VALUES ('1121', '7', '1', '6', '1', '3', 'jugado');
INSERT INTO `partidos` VALUES ('1122', '7', '9', '12', '2', '3', 'jugado');
INSERT INTO `partidos` VALUES ('1123', '7', '4', '12', '0', '2', 'jugado');
INSERT INTO `partidos` VALUES ('1124', '7', '6', '9', '3', '0', 'jugado');
INSERT INTO `partidos` VALUES ('1125', '7', '11', '1', '2', '2', 'jugado');
INSERT INTO `partidos` VALUES ('1126', '7', '3', '7', '1', '0', 'jugado');
INSERT INTO `partidos` VALUES ('1127', '7', '2', '10', '1', '2', 'jugado');
INSERT INTO `partidos` VALUES ('1128', '7', '5', '8', '1', '0', 'jugado');
INSERT INTO `partidos` VALUES ('1129', '7', '8', '4', '2', '2', 'jugado');
INSERT INTO `partidos` VALUES ('1130', '7', '10', '5', '1', '2', 'jugado');
INSERT INTO `partidos` VALUES ('1131', '7', '7', '2', '3', '3', 'jugado');
INSERT INTO `partidos` VALUES ('1132', '7', '1', '3', '2', '1', 'jugado');
INSERT INTO `partidos` VALUES ('1133', '7', '9', '11', '0', '2', 'jugado');
INSERT INTO `partidos` VALUES ('1134', '7', '12', '6', '3', '3', 'jugado');
INSERT INTO `partidos` VALUES ('1135', '7', '4', '6', '3', '1', 'jugado');
INSERT INTO `partidos` VALUES ('1136', '7', '11', '12', '1', '1', 'jugado');
INSERT INTO `partidos` VALUES ('1137', '7', '3', '9', '1', '1', 'jugado');
INSERT INTO `partidos` VALUES ('1138', '7', '2', '1', '4', '2', 'jugado');
INSERT INTO `partidos` VALUES ('1139', '7', '5', '7', '1', '1', 'jugado');
INSERT INTO `partidos` VALUES ('1140', '7', '8', '10', '0', '2', 'jugado');
INSERT INTO `partidos` VALUES ('1141', '7', '10', '4', '0', '2', 'jugado');
INSERT INTO `partidos` VALUES ('1142', '7', '7', '8', '1', '2', 'jugado');
INSERT INTO `partidos` VALUES ('1143', '7', '1', '5', '1', '1', 'jugado');
INSERT INTO `partidos` VALUES ('1144', '7', '9', '2', '1', '4', 'jugado');
INSERT INTO `partidos` VALUES ('1145', '7', '12', '3', '2', '2', 'jugado');
INSERT INTO `partidos` VALUES ('1146', '7', '6', '11', '1', '1', 'jugado');
INSERT INTO `partidos` VALUES ('1147', '7', '4', '11', '3', '0', 'jugado');
INSERT INTO `partidos` VALUES ('1148', '7', '3', '6', '2', '0', 'jugado');
INSERT INTO `partidos` VALUES ('1149', '7', '2', '12', '1', '2', 'jugado');
INSERT INTO `partidos` VALUES ('1150', '7', '5', '9', '1', '0', 'jugado');
INSERT INTO `partidos` VALUES ('1151', '7', '8', '1', '1', '1', 'jugado');
INSERT INTO `partidos` VALUES ('1152', '7', '10', '7', '3', '1', 'jugado');
INSERT INTO `partidos` VALUES ('1153', '7', '7', '4', '1', '1', 'jugado');
INSERT INTO `partidos` VALUES ('1154', '7', '1', '10', '3', '1', 'jugado');
INSERT INTO `partidos` VALUES ('1155', '7', '9', '8', '1', '0', 'jugado');
INSERT INTO `partidos` VALUES ('1156', '7', '12', '5', '0', '1', 'jugado');
INSERT INTO `partidos` VALUES ('1157', '7', '6', '2', '3', '1', 'jugado');
INSERT INTO `partidos` VALUES ('1158', '7', '11', '3', '0', '1', 'jugado');
INSERT INTO `partidos` VALUES ('1159', '7', '4', '3', '0', '0', 'jugado');
INSERT INTO `partidos` VALUES ('1160', '7', '2', '11', '2', '0', 'jugado');
INSERT INTO `partidos` VALUES ('1161', '7', '5', '6', '1', '1', 'jugado');
INSERT INTO `partidos` VALUES ('1162', '7', '8', '12', '2', '2', 'jugado');
INSERT INTO `partidos` VALUES ('1163', '7', '10', '9', '0', '0', 'jugado');
INSERT INTO `partidos` VALUES ('1164', '7', '7', '1', '1', '2', 'jugado');
INSERT INTO `partidos` VALUES ('1165', '7', '1', '4', '2', '2', 'jugado');
INSERT INTO `partidos` VALUES ('1166', '7', '9', '7', '3', '1', 'jugado');
INSERT INTO `partidos` VALUES ('1167', '7', '12', '10', '2', '3', 'jugado');
INSERT INTO `partidos` VALUES ('1168', '7', '6', '8', '2', '1', 'jugado');
INSERT INTO `partidos` VALUES ('1169', '7', '11', '5', '2', '2', 'jugado');
INSERT INTO `partidos` VALUES ('1170', '7', '3', '2', '1', '2', 'jugado');
INSERT INTO `partidos` VALUES ('1171', '7', '4', '2', '3', '0', 'jugado');
INSERT INTO `partidos` VALUES ('1172', '7', '5', '3', '5', '1', 'jugado');
INSERT INTO `partidos` VALUES ('1173', '7', '8', '11', '0', '1', 'jugado');
INSERT INTO `partidos` VALUES ('1174', '7', '10', '6', '1', '0', 'jugado');
INSERT INTO `partidos` VALUES ('1175', '7', '7', '12', '0', '0', 'jugado');
INSERT INTO `partidos` VALUES ('1176', '7', '1', '9', '1', '0', 'jugado');
INSERT INTO `partidos` VALUES ('1177', '7', '9', '4', '0', '2', 'jugado');
INSERT INTO `partidos` VALUES ('1178', '7', '12', '1', '0', '2', 'jugado');
INSERT INTO `partidos` VALUES ('1179', '7', '6', '7', '0', '1', 'jugado');
INSERT INTO `partidos` VALUES ('1180', '7', '11', '10', '1', '2', 'jugado');
INSERT INTO `partidos` VALUES ('1181', '7', '3', '8', '4', '2', 'jugado');
INSERT INTO `partidos` VALUES ('1182', '7', '2', '5', '2', '2', 'jugado');
INSERT INTO `partidos` VALUES ('1183', '7', '4', '9', '3', '1', 'jugado');
INSERT INTO `partidos` VALUES ('1184', '7', '1', '12', '1', '0', 'jugado');
INSERT INTO `partidos` VALUES ('1185', '7', '7', '6', '3', '1', 'jugado');
INSERT INTO `partidos` VALUES ('1186', '7', '10', '11', '1', '0', 'jugado');
INSERT INTO `partidos` VALUES ('1187', '7', '8', '3', '4', '1', 'jugado');
INSERT INTO `partidos` VALUES ('1188', '7', '5', '2', '1', '4', 'jugado');
INSERT INTO `partidos` VALUES ('1189', '7', '2', '4', '2', '1', 'jugado');
INSERT INTO `partidos` VALUES ('1190', '7', '3', '5', '2', '1', 'jugado');
INSERT INTO `partidos` VALUES ('1191', '7', '11', '8', '2', '0', 'jugado');
INSERT INTO `partidos` VALUES ('1192', '7', '6', '10', '3', '1', 'jugado');
INSERT INTO `partidos` VALUES ('1193', '7', '12', '7', '2', '2', 'jugado');
INSERT INTO `partidos` VALUES ('1194', '7', '9', '1', '1', '2', 'jugado');
INSERT INTO `partidos` VALUES ('1195', '7', '4', '1', '0', '0', 'jugado');
INSERT INTO `partidos` VALUES ('1196', '7', '7', '9', '2', '3', 'jugado');
INSERT INTO `partidos` VALUES ('1197', '7', '10', '12', '0', '1', 'jugado');
INSERT INTO `partidos` VALUES ('1198', '7', '8', '6', '5', '2', 'jugado');
INSERT INTO `partidos` VALUES ('1199', '7', '5', '11', '2', '2', 'jugado');
INSERT INTO `partidos` VALUES ('1200', '7', '2', '3', '1', '0', 'jugado');
INSERT INTO `partidos` VALUES ('1201', '7', '3', '4', '1', '0', 'jugado');
INSERT INTO `partidos` VALUES ('1202', '7', '11', '2', '2', '1', 'jugado');
INSERT INTO `partidos` VALUES ('1203', '7', '6', '5', '1', '3', 'jugado');
INSERT INTO `partidos` VALUES ('1204', '7', '12', '8', '3', '2', 'jugado');
INSERT INTO `partidos` VALUES ('1205', '7', '9', '10', '4', '1', 'jugado');
INSERT INTO `partidos` VALUES ('1206', '7', '1', '7', '2', '0', 'jugado');
INSERT INTO `partidos` VALUES ('1207', '7', '4', '7', '3', '1', 'jugado');
INSERT INTO `partidos` VALUES ('1208', '7', '10', '1', '1', '4', 'jugado');
INSERT INTO `partidos` VALUES ('1209', '7', '8', '9', '1', '2', 'jugado');
INSERT INTO `partidos` VALUES ('1210', '7', '5', '12', '2', '1', 'jugado');
INSERT INTO `partidos` VALUES ('1211', '7', '2', '6', '2', '1', 'jugado');
INSERT INTO `partidos` VALUES ('1212', '7', '3', '11', '1', '1', 'jugado');
INSERT INTO `partidos` VALUES ('1213', '7', '11', '4', '0', '1', 'jugado');
INSERT INTO `partidos` VALUES ('1214', '7', '6', '3', '2', '1', 'jugado');
INSERT INTO `partidos` VALUES ('1215', '7', '12', '2', '1', '0', 'jugado');
INSERT INTO `partidos` VALUES ('1216', '7', '9', '5', '1', '4', 'jugado');
INSERT INTO `partidos` VALUES ('1217', '7', '1', '8', '0', '1', 'jugado');
INSERT INTO `partidos` VALUES ('1218', '7', '7', '10', '1', '3', 'jugado');
INSERT INTO `partidos` VALUES ('1219', '7', '4', '10', '0', '3', 'jugado');
INSERT INTO `partidos` VALUES ('1220', '7', '8', '7', '1', '0', 'jugado');
INSERT INTO `partidos` VALUES ('1221', '7', '5', '1', '1', '1', 'jugado');
INSERT INTO `partidos` VALUES ('1222', '7', '2', '9', '2', '0', 'jugado');
INSERT INTO `partidos` VALUES ('1223', '7', '3', '12', '1', '1', 'jugado');
INSERT INTO `partidos` VALUES ('1224', '7', '11', '6', '3', '0', 'jugado');
INSERT INTO `partidos` VALUES ('1225', '7', '6', '4', '5', '2', 'jugado');
INSERT INTO `partidos` VALUES ('1226', '7', '12', '11', '2', '1', 'jugado');
INSERT INTO `partidos` VALUES ('1227', '7', '9', '3', '0', '5', 'jugado');
INSERT INTO `partidos` VALUES ('1228', '7', '1', '2', '1', '2', 'jugado');
INSERT INTO `partidos` VALUES ('1229', '7', '7', '5', '0', '2', 'jugado');
INSERT INTO `partidos` VALUES ('1230', '7', '10', '8', '1', '2', 'jugado');
INSERT INTO `partidos` VALUES ('1231', '7', '4', '8', '2', '1', 'jugado');
INSERT INTO `partidos` VALUES ('1232', '7', '5', '10', '1', '0', 'jugado');
INSERT INTO `partidos` VALUES ('1233', '7', '2', '7', '2', '1', 'jugado');
INSERT INTO `partidos` VALUES ('1234', '7', '3', '1', '4', '2', 'jugado');
INSERT INTO `partidos` VALUES ('1235', '7', '11', '9', '4', '1', 'jugado');
INSERT INTO `partidos` VALUES ('1236', '7', '6', '12', '1', '1', 'jugado');
INSERT INTO `partidos` VALUES ('1237', '7', '12', '4', '2', '1', 'jugado');
INSERT INTO `partidos` VALUES ('1238', '7', '9', '6', '1', '2', 'jugado');
INSERT INTO `partidos` VALUES ('1239', '7', '1', '11', '0', '2', 'jugado');
INSERT INTO `partidos` VALUES ('1240', '7', '7', '3', '1', '4', 'jugado');
INSERT INTO `partidos` VALUES ('1241', '7', '10', '2', '2', '3', 'jugado');
INSERT INTO `partidos` VALUES ('1242', '7', '8', '5', '1', '1', 'jugado');
INSERT INTO `partidos` VALUES ('1243', '7', '4', '5', '1', '3', 'jugado');
INSERT INTO `partidos` VALUES ('1244', '7', '2', '8', '1', '0', 'jugado');
INSERT INTO `partidos` VALUES ('1245', '7', '3', '10', '1', '1', 'jugado');
INSERT INTO `partidos` VALUES ('1246', '7', '11', '7', '0', '5', 'jugado');
INSERT INTO `partidos` VALUES ('1247', '7', '6', '1', '1', '1', 'jugado');
INSERT INTO `partidos` VALUES ('1248', '7', '12', '9', '0', '0', 'jugado');
INSERT INTO `partidos` VALUES ('1249', '9', '3', '7', '0', '0', 'jugado');
INSERT INTO `partidos` VALUES ('1250', '9', '12', '9', '2', '1', 'jugado');
INSERT INTO `partidos` VALUES ('1251', '9', '10', '11', '3', '2', 'jugado');
INSERT INTO `partidos` VALUES ('1252', '9', '4', '2', '1', '2', 'jugado');
INSERT INTO `partidos` VALUES ('1253', '9', '1', '6', '1', '2', 'jugado');
INSERT INTO `partidos` VALUES ('1254', '9', '8', '5', '0', '1', 'jugado');
INSERT INTO `partidos` VALUES ('1255', '9', '7', '5', '0', '2', 'jugado');
INSERT INTO `partidos` VALUES ('1256', '9', '6', '8', '4', '3', 'jugado');
INSERT INTO `partidos` VALUES ('1257', '9', '2', '1', '1', '0', 'jugado');
INSERT INTO `partidos` VALUES ('1258', '9', '11', '4', '0', '1', 'jugado');
INSERT INTO `partidos` VALUES ('1259', '9', '9', '10', '1', '0', 'jugado');
INSERT INTO `partidos` VALUES ('1260', '9', '3', '12', '3', '4', 'jugado');
INSERT INTO `partidos` VALUES ('1261', '9', '12', '7', '2', '2', 'jugado');
INSERT INTO `partidos` VALUES ('1262', '9', '10', '3', '3', '3', 'jugado');
INSERT INTO `partidos` VALUES ('1263', '9', '4', '9', '3', '0', 'jugado');
INSERT INTO `partidos` VALUES ('1264', '9', '1', '11', '0', '3', 'jugado');
INSERT INTO `partidos` VALUES ('1265', '9', '8', '2', '3', '4', 'jugado');
INSERT INTO `partidos` VALUES ('1266', '9', '5', '6', '3', '4', 'jugado');
INSERT INTO `partidos` VALUES ('1267', '9', '7', '6', '0', '1', 'jugado');
INSERT INTO `partidos` VALUES ('1268', '9', '2', '5', '4', '2', 'jugado');
INSERT INTO `partidos` VALUES ('1269', '9', '11', '8', '2', '1', 'jugado');
INSERT INTO `partidos` VALUES ('1270', '9', '9', '1', '2', '1', 'jugado');
INSERT INTO `partidos` VALUES ('1271', '9', '3', '4', '3', '0', 'jugado');
INSERT INTO `partidos` VALUES ('1272', '9', '12', '10', '1', '1', 'jugado');
INSERT INTO `partidos` VALUES ('1273', '9', '10', '7', '1', '2', 'jugado');
INSERT INTO `partidos` VALUES ('1274', '9', '4', '12', '1', '0', 'jugado');
INSERT INTO `partidos` VALUES ('1275', '9', '1', '3', '1', '1', 'jugado');
INSERT INTO `partidos` VALUES ('1276', '9', '8', '9', '3', '1', 'jugado');
INSERT INTO `partidos` VALUES ('1277', '9', '5', '11', '2', '1', 'jugado');
INSERT INTO `partidos` VALUES ('1278', '9', '6', '2', '4', '2', 'jugado');
INSERT INTO `partidos` VALUES ('1279', '9', '7', '2', '5', '2', 'jugado');
INSERT INTO `partidos` VALUES ('1280', '9', '11', '6', '2', '1', 'jugado');
INSERT INTO `partidos` VALUES ('1281', '9', '9', '5', '1', '1', 'jugado');
INSERT INTO `partidos` VALUES ('1282', '9', '3', '8', '2', '2', 'jugado');
INSERT INTO `partidos` VALUES ('1283', '9', '12', '1', '0', '1', 'jugado');
INSERT INTO `partidos` VALUES ('1284', '9', '10', '4', '2', '2', 'jugado');
INSERT INTO `partidos` VALUES ('1285', '9', '4', '7', '3', '0', 'jugado');
INSERT INTO `partidos` VALUES ('1286', '9', '1', '10', '2', '1', 'jugado');
INSERT INTO `partidos` VALUES ('1287', '9', '8', '12', '3', '2', 'jugado');
INSERT INTO `partidos` VALUES ('1288', '9', '5', '3', '2', '1', 'jugado');
INSERT INTO `partidos` VALUES ('1289', '9', '6', '9', '1', '1', 'jugado');
INSERT INTO `partidos` VALUES ('1290', '9', '2', '11', '1', '0', 'jugado');
INSERT INTO `partidos` VALUES ('1291', '9', '7', '11', '0', '2', 'jugado');
INSERT INTO `partidos` VALUES ('1292', '9', '9', '2', '1', '0', 'jugado');
INSERT INTO `partidos` VALUES ('1293', '9', '3', '6', '1', '0', 'jugado');
INSERT INTO `partidos` VALUES ('1294', '9', '12', '5', '2', '1', 'jugado');
INSERT INTO `partidos` VALUES ('1295', '9', '10', '8', '1', '2', 'jugado');
INSERT INTO `partidos` VALUES ('1296', '9', '4', '1', '2', '1', 'jugado');
INSERT INTO `partidos` VALUES ('1297', '9', '1', '7', '5', '1', 'jugado');
INSERT INTO `partidos` VALUES ('1298', '9', '8', '4', '3', '1', 'jugado');
INSERT INTO `partidos` VALUES ('1299', '9', '5', '10', '2', '1', 'jugado');
INSERT INTO `partidos` VALUES ('1300', '9', '6', '12', '1', '0', 'jugado');
INSERT INTO `partidos` VALUES ('1301', '9', '2', '3', '1', '1', 'jugado');
INSERT INTO `partidos` VALUES ('1302', '9', '11', '9', '1', '1', 'jugado');
INSERT INTO `partidos` VALUES ('1303', '9', '7', '9', '1', '1', 'jugado');
INSERT INTO `partidos` VALUES ('1304', '9', '3', '11', '1', '3', 'jugado');
INSERT INTO `partidos` VALUES ('1305', '9', '12', '2', '1', '1', 'jugado');
INSERT INTO `partidos` VALUES ('1306', '9', '10', '6', '2', '1', 'jugado');
INSERT INTO `partidos` VALUES ('1307', '9', '4', '5', '2', '3', 'jugado');
INSERT INTO `partidos` VALUES ('1308', '9', '1', '8', '4', '2', 'jugado');
INSERT INTO `partidos` VALUES ('1309', '9', '8', '7', '2', '1', 'jugado');
INSERT INTO `partidos` VALUES ('1310', '9', '5', '1', '0', '1', 'jugado');
INSERT INTO `partidos` VALUES ('1311', '9', '6', '4', '1', '1', 'jugado');
INSERT INTO `partidos` VALUES ('1312', '9', '2', '10', '3', '0', 'jugado');
INSERT INTO `partidos` VALUES ('1313', '9', '11', '12', '4', '2', 'jugado');
INSERT INTO `partidos` VALUES ('1314', '9', '9', '3', '2', '3', 'jugado');
INSERT INTO `partidos` VALUES ('1315', '9', '7', '8', '1', '2', 'jugado');
INSERT INTO `partidos` VALUES ('1316', '9', '1', '5', '4', '1', 'jugado');
INSERT INTO `partidos` VALUES ('1317', '9', '4', '6', '0', '0', 'jugado');
INSERT INTO `partidos` VALUES ('1318', '9', '10', '2', '5', '1', 'jugado');
INSERT INTO `partidos` VALUES ('1319', '9', '12', '11', '3', '2', 'jugado');
INSERT INTO `partidos` VALUES ('1320', '9', '3', '9', '0', '0', 'jugado');
INSERT INTO `partidos` VALUES ('1321', '9', '9', '7', '2', '2', 'jugado');
INSERT INTO `partidos` VALUES ('1322', '9', '11', '3', '0', '0', 'jugado');
INSERT INTO `partidos` VALUES ('1323', '9', '2', '12', '1', '5', 'jugado');
INSERT INTO `partidos` VALUES ('1324', '9', '6', '10', '0', '1', 'jugado');
INSERT INTO `partidos` VALUES ('1325', '9', '5', '4', '3', '2', 'jugado');
INSERT INTO `partidos` VALUES ('1326', '9', '8', '1', '0', '2', 'jugado');
INSERT INTO `partidos` VALUES ('1327', '9', '7', '1', '0', '1', 'jugado');
INSERT INTO `partidos` VALUES ('1328', '9', '4', '8', '3', '0', 'jugado');
INSERT INTO `partidos` VALUES ('1329', '9', '10', '5', '1', '1', 'jugado');
INSERT INTO `partidos` VALUES ('1330', '9', '12', '6', '1', '1', 'jugado');
INSERT INTO `partidos` VALUES ('1331', '9', '3', '2', '1', '0', 'jugado');
INSERT INTO `partidos` VALUES ('1332', '9', '9', '11', '1', '0', 'jugado');
INSERT INTO `partidos` VALUES ('1333', '9', '11', '7', '2', '1', 'jugado');
INSERT INTO `partidos` VALUES ('1334', '9', '2', '9', '1', '0', 'jugado');
INSERT INTO `partidos` VALUES ('1335', '9', '6', '3', '1', '1', 'jugado');
INSERT INTO `partidos` VALUES ('1336', '9', '5', '12', '1', '0', 'jugado');
INSERT INTO `partidos` VALUES ('1337', '9', '8', '10', '2', '1', 'jugado');
INSERT INTO `partidos` VALUES ('1338', '9', '1', '4', '4', '0', 'jugado');
INSERT INTO `partidos` VALUES ('1339', '9', '7', '4', '1', '2', 'jugado');
INSERT INTO `partidos` VALUES ('1340', '9', '10', '1', '3', '3', 'jugado');
INSERT INTO `partidos` VALUES ('1341', '9', '12', '8', '0', '0', 'jugado');
INSERT INTO `partidos` VALUES ('1342', '9', '3', '5', '0', '1', 'jugado');
INSERT INTO `partidos` VALUES ('1343', '9', '9', '6', '0', '0', 'jugado');
INSERT INTO `partidos` VALUES ('1344', '9', '11', '2', '1', '1', 'jugado');
INSERT INTO `partidos` VALUES ('1345', '9', '2', '7', '5', '1', 'jugado');
INSERT INTO `partidos` VALUES ('1346', '9', '6', '11', '3', '2', 'jugado');
INSERT INTO `partidos` VALUES ('1347', '9', '5', '9', '1', '1', 'jugado');
INSERT INTO `partidos` VALUES ('1348', '9', '8', '3', '0', '5', 'jugado');
INSERT INTO `partidos` VALUES ('1349', '9', '1', '12', '2', '2', 'jugado');
INSERT INTO `partidos` VALUES ('1350', '9', '4', '10', '0', '1', 'jugado');
INSERT INTO `partidos` VALUES ('1351', '9', '7', '10', '0', '1', 'jugado');
INSERT INTO `partidos` VALUES ('1352', '9', '12', '4', '1', '1', 'jugado');
INSERT INTO `partidos` VALUES ('1353', '9', '3', '1', '1', '2', 'jugado');
INSERT INTO `partidos` VALUES ('1354', '9', '9', '8', '4', '0', 'jugado');
INSERT INTO `partidos` VALUES ('1355', '9', '11', '5', '4', '1', 'jugado');
INSERT INTO `partidos` VALUES ('1356', '9', '2', '6', '1', '0', 'jugado');
INSERT INTO `partidos` VALUES ('1357', '9', '6', '7', '0', '0', 'jugado');
INSERT INTO `partidos` VALUES ('1358', '9', '5', '2', '1', '3', 'jugado');
INSERT INTO `partidos` VALUES ('1359', '9', '8', '11', '0', '0', 'jugado');
INSERT INTO `partidos` VALUES ('1360', '9', '1', '9', '1', '1', 'jugado');
INSERT INTO `partidos` VALUES ('1361', '9', '4', '3', '5', '2', 'jugado');
INSERT INTO `partidos` VALUES ('1362', '9', '10', '12', '2', '2', 'jugado');
INSERT INTO `partidos` VALUES ('1363', '9', '7', '12', '2', '0', 'jugado');
INSERT INTO `partidos` VALUES ('1364', '9', '3', '10', '0', '0', 'jugado');
INSERT INTO `partidos` VALUES ('1365', '9', '9', '4', '5', '2', 'jugado');
INSERT INTO `partidos` VALUES ('1366', '9', '11', '1', '3', '2', 'jugado');
INSERT INTO `partidos` VALUES ('1367', '9', '2', '8', '5', '1', 'jugado');
INSERT INTO `partidos` VALUES ('1368', '9', '6', '5', '2', '0', 'jugado');
INSERT INTO `partidos` VALUES ('1369', '9', '5', '7', '1', '0', 'jugado');
INSERT INTO `partidos` VALUES ('1370', '9', '8', '6', '5', '1', 'jugado');
INSERT INTO `partidos` VALUES ('1371', '9', '1', '2', '3', '1', 'jugado');
INSERT INTO `partidos` VALUES ('1372', '9', '4', '11', '2', '2', 'jugado');
INSERT INTO `partidos` VALUES ('1373', '9', '10', '9', '3', '2', 'jugado');
INSERT INTO `partidos` VALUES ('1374', '9', '12', '3', '0', '0', 'jugado');
INSERT INTO `partidos` VALUES ('1375', '9', '7', '3', '0', '1', 'jugado');
INSERT INTO `partidos` VALUES ('1376', '9', '9', '12', '0', '1', 'jugado');
INSERT INTO `partidos` VALUES ('1377', '9', '11', '10', '0', '2', 'jugado');
INSERT INTO `partidos` VALUES ('1378', '9', '2', '4', '1', '3', 'jugado');
INSERT INTO `partidos` VALUES ('1379', '9', '6', '1', '2', '2', 'jugado');
INSERT INTO `partidos` VALUES ('1380', '9', '5', '8', '4', '0', 'jugado');
INSERT INTO `partidos` VALUES ('1381', '8', '5', '7', '1', '1', 'jugado');
INSERT INTO `partidos` VALUES ('1382', '8', '12', '9', '2', '0', 'jugado');
INSERT INTO `partidos` VALUES ('1383', '8', '11', '1', '1', '1', 'jugado');
INSERT INTO `partidos` VALUES ('1384', '8', '6', '2', '1', '2', 'jugado');
INSERT INTO `partidos` VALUES ('1385', '8', '10', '3', '1', '1', 'jugado');
INSERT INTO `partidos` VALUES ('1386', '8', '4', '8', '1', '0', 'jugado');
INSERT INTO `partidos` VALUES ('1387', '8', '7', '8', '1', '3', 'jugado');
INSERT INTO `partidos` VALUES ('1388', '8', '3', '4', '1', '2', 'jugado');
INSERT INTO `partidos` VALUES ('1389', '8', '2', '10', '1', '0', 'jugado');
INSERT INTO `partidos` VALUES ('1390', '8', '1', '6', '1', '2', 'jugado');
INSERT INTO `partidos` VALUES ('1391', '8', '9', '11', '0', '0', 'jugado');
INSERT INTO `partidos` VALUES ('1392', '8', '5', '12', '1', '1', 'jugado');
INSERT INTO `partidos` VALUES ('1393', '8', '12', '7', '4', '2', 'jugado');
INSERT INTO `partidos` VALUES ('1394', '8', '11', '5', '2', '2', 'jugado');
INSERT INTO `partidos` VALUES ('1395', '8', '6', '9', '3', '0', 'jugado');
INSERT INTO `partidos` VALUES ('1396', '8', '10', '1', '4', '0', 'jugado');
INSERT INTO `partidos` VALUES ('1397', '8', '4', '2', '2', '0', 'jugado');
INSERT INTO `partidos` VALUES ('1398', '8', '8', '3', '0', '3', 'jugado');
INSERT INTO `partidos` VALUES ('1399', '8', '7', '3', '2', '1', 'jugado');
INSERT INTO `partidos` VALUES ('1400', '8', '2', '8', '2', '2', 'jugado');
INSERT INTO `partidos` VALUES ('1401', '8', '1', '4', '2', '1', 'jugado');
INSERT INTO `partidos` VALUES ('1402', '8', '9', '10', '0', '2', 'jugado');
INSERT INTO `partidos` VALUES ('1403', '8', '5', '6', '1', '0', 'jugado');
INSERT INTO `partidos` VALUES ('1404', '8', '12', '11', '3', '2', 'jugado');
INSERT INTO `partidos` VALUES ('1405', '8', '11', '7', '0', '0', 'jugado');
INSERT INTO `partidos` VALUES ('1406', '8', '6', '12', '1', '2', 'jugado');
INSERT INTO `partidos` VALUES ('1407', '8', '10', '5', '1', '1', 'jugado');
INSERT INTO `partidos` VALUES ('1408', '8', '4', '9', '1', '0', 'jugado');
INSERT INTO `partidos` VALUES ('1409', '8', '8', '1', '2', '0', 'jugado');
INSERT INTO `partidos` VALUES ('1410', '8', '3', '2', '5', '1', 'jugado');
INSERT INTO `partidos` VALUES ('1411', '8', '7', '2', '0', '3', 'jugado');
INSERT INTO `partidos` VALUES ('1412', '8', '1', '3', '4', '2', 'jugado');
INSERT INTO `partidos` VALUES ('1413', '8', '9', '8', '3', '1', 'jugado');
INSERT INTO `partidos` VALUES ('1414', '8', '5', '4', '2', '2', 'jugado');
INSERT INTO `partidos` VALUES ('1415', '8', '12', '10', '2', '1', 'jugado');
INSERT INTO `partidos` VALUES ('1416', '8', '11', '6', '1', '1', 'jugado');
INSERT INTO `partidos` VALUES ('1417', '8', '6', '7', '2', '2', 'jugado');
INSERT INTO `partidos` VALUES ('1418', '8', '10', '11', '5', '1', 'jugado');
INSERT INTO `partidos` VALUES ('1419', '8', '4', '12', '0', '1', 'jugado');
INSERT INTO `partidos` VALUES ('1420', '8', '8', '5', '0', '1', 'jugado');
INSERT INTO `partidos` VALUES ('1421', '8', '3', '9', '2', '2', 'jugado');
INSERT INTO `partidos` VALUES ('1422', '8', '2', '1', '2', '1', 'jugado');
INSERT INTO `partidos` VALUES ('1423', '8', '7', '1', '2', '2', 'jugado');
INSERT INTO `partidos` VALUES ('1424', '8', '9', '2', '0', '1', 'jugado');
INSERT INTO `partidos` VALUES ('1425', '8', '5', '3', '1', '0', 'jugado');
INSERT INTO `partidos` VALUES ('1426', '8', '12', '8', '1', '2', 'jugado');
INSERT INTO `partidos` VALUES ('1427', '8', '11', '4', '5', '1', 'jugado');
INSERT INTO `partidos` VALUES ('1428', '8', '6', '10', '3', '2', 'jugado');
INSERT INTO `partidos` VALUES ('1429', '8', '10', '7', '1', '0', 'jugado');
INSERT INTO `partidos` VALUES ('1430', '8', '4', '6', '1', '1', 'jugado');
INSERT INTO `partidos` VALUES ('1431', '8', '8', '11', '3', '1', 'jugado');
INSERT INTO `partidos` VALUES ('1432', '8', '3', '12', '1', '1', 'jugado');
INSERT INTO `partidos` VALUES ('1433', '8', '2', '5', '1', '1', 'jugado');
INSERT INTO `partidos` VALUES ('1434', '8', '1', '9', '2', '0', 'jugado');
INSERT INTO `partidos` VALUES ('1435', '8', '7', '9', '2', '0', 'jugado');
INSERT INTO `partidos` VALUES ('1436', '8', '5', '1', '1', '1', 'jugado');
INSERT INTO `partidos` VALUES ('1437', '8', '12', '2', '0', '1', 'jugado');
INSERT INTO `partidos` VALUES ('1438', '8', '11', '3', '3', '2', 'jugado');
INSERT INTO `partidos` VALUES ('1439', '8', '6', '8', '0', '0', 'jugado');
INSERT INTO `partidos` VALUES ('1440', '8', '10', '4', '1', '2', 'jugado');
INSERT INTO `partidos` VALUES ('1441', '8', '4', '7', '0', '6', 'jugado');
INSERT INTO `partidos` VALUES ('1442', '8', '8', '10', '5', '2', 'jugado');
INSERT INTO `partidos` VALUES ('1443', '8', '3', '6', '1', '3', 'jugado');
INSERT INTO `partidos` VALUES ('1444', '8', '2', '11', '2', '1', 'jugado');
INSERT INTO `partidos` VALUES ('1445', '8', '1', '12', '0', '0', 'jugado');
INSERT INTO `partidos` VALUES ('1446', '8', '9', '5', '2', '2', 'jugado');
INSERT INTO `partidos` VALUES ('1447', '8', '7', '4', '1', '3', 'jugado');
INSERT INTO `partidos` VALUES ('1448', '8', '10', '8', '2', '2', 'jugado');
INSERT INTO `partidos` VALUES ('1449', '8', '6', '3', '1', '0', 'jugado');
INSERT INTO `partidos` VALUES ('1450', '8', '11', '2', '1', '0', 'jugado');
INSERT INTO `partidos` VALUES ('1451', '8', '12', '1', '1', '1', 'jugado');
INSERT INTO `partidos` VALUES ('1452', '8', '5', '9', '1', '1', 'jugado');
INSERT INTO `partidos` VALUES ('1453', '8', '9', '7', '1', '0', 'jugado');
INSERT INTO `partidos` VALUES ('1454', '8', '1', '5', '1', '0', 'jugado');
INSERT INTO `partidos` VALUES ('1455', '8', '2', '12', '1', '1', 'jugado');
INSERT INTO `partidos` VALUES ('1456', '8', '3', '11', '1', '1', 'jugado');
INSERT INTO `partidos` VALUES ('1457', '8', '8', '6', '0', '0', 'jugado');
INSERT INTO `partidos` VALUES ('1458', '8', '4', '10', '4', '1', 'jugado');
INSERT INTO `partidos` VALUES ('1459', '8', '7', '10', '0', '1', 'jugado');
INSERT INTO `partidos` VALUES ('1460', '8', '6', '4', '1', '1', 'jugado');
INSERT INTO `partidos` VALUES ('1461', '8', '11', '8', '3', '1', 'jugado');
INSERT INTO `partidos` VALUES ('1462', '8', '12', '3', '0', '2', 'jugado');
INSERT INTO `partidos` VALUES ('1463', '8', '5', '2', '3', '1', 'jugado');
INSERT INTO `partidos` VALUES ('1464', '8', '9', '1', '1', '1', 'jugado');
INSERT INTO `partidos` VALUES ('1465', '8', '1', '7', '0', '0', 'jugado');
INSERT INTO `partidos` VALUES ('1466', '8', '2', '9', '2', '1', 'jugado');
INSERT INTO `partidos` VALUES ('1467', '8', '3', '5', '2', '1', 'jugado');
INSERT INTO `partidos` VALUES ('1468', '8', '8', '12', '0', '0', 'jugado');
INSERT INTO `partidos` VALUES ('1469', '8', '4', '11', '0', '0', 'jugado');
INSERT INTO `partidos` VALUES ('1470', '8', '10', '6', '2', '1', 'jugado');
INSERT INTO `partidos` VALUES ('1471', '8', '7', '6', '2', '1', 'jugado');
INSERT INTO `partidos` VALUES ('1472', '8', '11', '10', '2', '0', 'jugado');
INSERT INTO `partidos` VALUES ('1473', '8', '12', '4', '1', '1', 'jugado');
INSERT INTO `partidos` VALUES ('1474', '8', '5', '8', '2', '0', 'jugado');
INSERT INTO `partidos` VALUES ('1475', '8', '9', '3', '3', '3', 'jugado');
INSERT INTO `partidos` VALUES ('1476', '8', '1', '2', '1', '3', 'jugado');
INSERT INTO `partidos` VALUES ('1477', '8', '2', '7', '1', '0', 'jugado');
INSERT INTO `partidos` VALUES ('1478', '8', '3', '1', '1', '0', 'jugado');
INSERT INTO `partidos` VALUES ('1479', '8', '8', '9', '2', '2', 'jugado');
INSERT INTO `partidos` VALUES ('1480', '8', '4', '5', '1', '1', 'jugado');
INSERT INTO `partidos` VALUES ('1481', '8', '10', '12', '0', '1', 'jugado');
INSERT INTO `partidos` VALUES ('1482', '8', '6', '11', '2', '1', 'jugado');
INSERT INTO `partidos` VALUES ('1483', '8', '7', '11', '0', '2', 'jugado');
INSERT INTO `partidos` VALUES ('1484', '8', '12', '6', '1', '2', 'jugado');
INSERT INTO `partidos` VALUES ('1485', '8', '5', '10', '1', '2', 'jugado');
INSERT INTO `partidos` VALUES ('1486', '8', '9', '4', '1', '0', 'jugado');
INSERT INTO `partidos` VALUES ('1487', '8', '1', '8', '3', '1', 'jugado');
INSERT INTO `partidos` VALUES ('1488', '8', '2', '3', '2', '2', 'jugado');
INSERT INTO `partidos` VALUES ('1489', '8', '3', '7', '2', '3', 'jugado');
INSERT INTO `partidos` VALUES ('1490', '8', '8', '2', '1', '2', 'jugado');
INSERT INTO `partidos` VALUES ('1491', '8', '4', '1', '1', '0', 'jugado');
INSERT INTO `partidos` VALUES ('1492', '8', '10', '9', '1', '0', 'jugado');
INSERT INTO `partidos` VALUES ('1493', '8', '6', '5', '0', '2', 'jugado');
INSERT INTO `partidos` VALUES ('1494', '8', '11', '12', '4', '2', 'jugado');
INSERT INTO `partidos` VALUES ('1495', '8', '7', '12', '1', '3', 'jugado');
INSERT INTO `partidos` VALUES ('1496', '8', '5', '11', '3', '1', 'jugado');
INSERT INTO `partidos` VALUES ('1497', '8', '9', '6', '0', '3', 'jugado');
INSERT INTO `partidos` VALUES ('1498', '8', '1', '10', '0', '2', 'jugado');
INSERT INTO `partidos` VALUES ('1499', '8', '2', '4', '1', '2', 'jugado');
INSERT INTO `partidos` VALUES ('1500', '8', '3', '8', '1', '0', 'jugado');
INSERT INTO `partidos` VALUES ('1501', '8', '8', '7', '2', '2', 'jugado');
INSERT INTO `partidos` VALUES ('1502', '8', '4', '3', '2', '2', 'jugado');
INSERT INTO `partidos` VALUES ('1503', '8', '10', '2', '1', '4', 'jugado');
INSERT INTO `partidos` VALUES ('1504', '8', '6', '1', '2', '1', 'jugado');
INSERT INTO `partidos` VALUES ('1505', '8', '11', '9', '2', '1', 'jugado');
INSERT INTO `partidos` VALUES ('1506', '8', '12', '5', '1', '0', 'jugado');
INSERT INTO `partidos` VALUES ('1507', '8', '7', '5', '4', '2', 'jugado');
INSERT INTO `partidos` VALUES ('1508', '8', '9', '12', '0', '1', 'jugado');
INSERT INTO `partidos` VALUES ('1509', '8', '1', '11', '0', '1', 'jugado');
INSERT INTO `partidos` VALUES ('1510', '8', '2', '6', '3', '1', 'jugado');
INSERT INTO `partidos` VALUES ('1511', '8', '3', '10', '1', '2', 'jugado');
INSERT INTO `partidos` VALUES ('1512', '8', '8', '4', '1', '1', 'jugado');
INSERT INTO `partidos` VALUES ('1513', '11', '10', '12', '2', '1', 'jugado');
INSERT INTO `partidos` VALUES ('1514', '11', '7', '3', '3', '1', 'jugado');
INSERT INTO `partidos` VALUES ('1515', '11', '6', '11', '4', '0', 'jugado');
INSERT INTO `partidos` VALUES ('1516', '11', '9', '5', '1', '6', 'jugado');
INSERT INTO `partidos` VALUES ('1517', '11', '2', '4', '2', '2', 'jugado');
INSERT INTO `partidos` VALUES ('1518', '11', '1', '8', '2', '0', 'jugado');
INSERT INTO `partidos` VALUES ('1519', '11', '12', '8', '2', '1', 'jugado');
INSERT INTO `partidos` VALUES ('1520', '11', '4', '1', '1', '1', 'jugado');
INSERT INTO `partidos` VALUES ('1521', '11', '5', '2', '1', '4', 'jugado');
INSERT INTO `partidos` VALUES ('1522', '11', '11', '9', '3', '1', 'jugado');
INSERT INTO `partidos` VALUES ('1523', '11', '3', '6', '3', '2', 'jugado');
INSERT INTO `partidos` VALUES ('1524', '11', '10', '7', '5', '1', 'jugado');
INSERT INTO `partidos` VALUES ('1525', '11', '7', '12', '3', '3', 'jugado');
INSERT INTO `partidos` VALUES ('1526', '11', '6', '10', '0', '5', 'jugado');
INSERT INTO `partidos` VALUES ('1527', '11', '9', '3', '4', '2', 'jugado');
INSERT INTO `partidos` VALUES ('1528', '11', '2', '11', '3', '0', 'jugado');
INSERT INTO `partidos` VALUES ('1529', '11', '1', '5', '3', '2', 'jugado');
INSERT INTO `partidos` VALUES ('1530', '11', '8', '4', '0', '1', 'jugado');
INSERT INTO `partidos` VALUES ('1531', '11', '12', '4', '1', '1', 'jugado');
INSERT INTO `partidos` VALUES ('1532', '11', '5', '8', '1', '1', 'jugado');
INSERT INTO `partidos` VALUES ('1533', '11', '11', '1', '2', '3', 'jugado');
INSERT INTO `partidos` VALUES ('1534', '11', '3', '2', '2', '1', 'jugado');
INSERT INTO `partidos` VALUES ('1535', '11', '10', '9', '0', '0', 'jugado');
INSERT INTO `partidos` VALUES ('1536', '11', '7', '6', '3', '3', 'jugado');
INSERT INTO `partidos` VALUES ('1537', '11', '6', '12', '1', '3', 'jugado');
INSERT INTO `partidos` VALUES ('1538', '11', '9', '7', '0', '2', 'jugado');
INSERT INTO `partidos` VALUES ('1539', '11', '2', '10', '2', '1', 'jugado');
INSERT INTO `partidos` VALUES ('1540', '11', '1', '3', '1', '2', 'jugado');
INSERT INTO `partidos` VALUES ('1541', '11', '8', '11', '3', '1', 'jugado');
INSERT INTO `partidos` VALUES ('1542', '11', '4', '5', '0', '2', 'jugado');
INSERT INTO `partidos` VALUES ('1543', '11', '12', '5', '3', '3', 'jugado');
INSERT INTO `partidos` VALUES ('1544', '11', '11', '4', '1', '2', 'jugado');
INSERT INTO `partidos` VALUES ('1545', '11', '3', '8', '3', '1', 'jugado');
INSERT INTO `partidos` VALUES ('1546', '11', '10', '1', '1', '0', 'jugado');
INSERT INTO `partidos` VALUES ('1547', '11', '7', '2', '0', '4', 'jugado');
INSERT INTO `partidos` VALUES ('1548', '11', '6', '9', '1', '2', 'jugado');
INSERT INTO `partidos` VALUES ('1549', '11', '9', '12', '0', '0', 'jugado');
INSERT INTO `partidos` VALUES ('1550', '11', '2', '6', '1', '2', 'jugado');
INSERT INTO `partidos` VALUES ('1551', '11', '1', '7', '6', '1', 'jugado');
INSERT INTO `partidos` VALUES ('1552', '11', '8', '10', '2', '2', 'jugado');
INSERT INTO `partidos` VALUES ('1553', '11', '4', '3', '1', '1', 'jugado');
INSERT INTO `partidos` VALUES ('1554', '11', '5', '11', '1', '1', 'jugado');
INSERT INTO `partidos` VALUES ('1555', '11', '12', '11', '0', '1', 'jugado');
INSERT INTO `partidos` VALUES ('1556', '11', '3', '5', '1', '3', 'jugado');
INSERT INTO `partidos` VALUES ('1557', '11', '10', '4', '2', '2', 'jugado');
INSERT INTO `partidos` VALUES ('1558', '11', '7', '8', '2', '2', 'jugado');
INSERT INTO `partidos` VALUES ('1559', '11', '6', '1', '1', '1', 'jugado');
INSERT INTO `partidos` VALUES ('1560', '11', '9', '2', '1', '3', 'jugado');
INSERT INTO `partidos` VALUES ('1561', '11', '2', '12', '1', '1', 'jugado');
INSERT INTO `partidos` VALUES ('1562', '11', '1', '9', '1', '2', 'jugado');
INSERT INTO `partidos` VALUES ('1563', '11', '8', '6', '0', '0', 'jugado');
INSERT INTO `partidos` VALUES ('1564', '11', '4', '7', '2', '0', 'jugado');
INSERT INTO `partidos` VALUES ('1565', '11', '5', '10', '2', '0', 'jugado');
INSERT INTO `partidos` VALUES ('1566', '11', '11', '3', '4', '0', 'jugado');
INSERT INTO `partidos` VALUES ('1567', '11', '12', '3', '1', '1', 'jugado');
INSERT INTO `partidos` VALUES ('1568', '11', '10', '11', '2', '3', 'jugado');
INSERT INTO `partidos` VALUES ('1569', '11', '7', '5', '1', '1', 'jugado');
INSERT INTO `partidos` VALUES ('1570', '11', '6', '4', '2', '1', 'jugado');
INSERT INTO `partidos` VALUES ('1571', '11', '9', '8', '2', '1', 'jugado');
INSERT INTO `partidos` VALUES ('1572', '11', '2', '1', '2', '1', 'jugado');
INSERT INTO `partidos` VALUES ('1573', '11', '1', '12', '3', '1', 'jugado');
INSERT INTO `partidos` VALUES ('1574', '11', '8', '2', '0', '1', 'jugado');
INSERT INTO `partidos` VALUES ('1575', '11', '4', '9', '0', '0', 'jugado');
INSERT INTO `partidos` VALUES ('1576', '11', '5', '6', '1', '1', 'jugado');
INSERT INTO `partidos` VALUES ('1577', '11', '11', '7', '2', '1', 'jugado');
INSERT INTO `partidos` VALUES ('1578', '11', '3', '10', '2', '1', 'jugado');
INSERT INTO `partidos` VALUES ('1579', '11', '12', '1', '0', '1', 'jugado');
INSERT INTO `partidos` VALUES ('1580', '11', '2', '8', '4', '1', 'jugado');
INSERT INTO `partidos` VALUES ('1581', '11', '9', '4', '1', '2', 'jugado');
INSERT INTO `partidos` VALUES ('1582', '11', '6', '5', '2', '3', 'jugado');
INSERT INTO `partidos` VALUES ('1583', '11', '7', '11', '4', '1', 'jugado');
INSERT INTO `partidos` VALUES ('1584', '11', '10', '3', '0', '1', 'jugado');
INSERT INTO `partidos` VALUES ('1585', '11', '3', '12', '0', '0', 'jugado');
INSERT INTO `partidos` VALUES ('1586', '11', '11', '10', '2', '1', 'jugado');
INSERT INTO `partidos` VALUES ('1587', '11', '5', '7', '4', '1', 'jugado');
INSERT INTO `partidos` VALUES ('1588', '11', '4', '6', '1', '1', 'jugado');
INSERT INTO `partidos` VALUES ('1589', '11', '8', '9', '4', '2', 'jugado');
INSERT INTO `partidos` VALUES ('1590', '11', '1', '2', '1', '1', 'jugado');
INSERT INTO `partidos` VALUES ('1591', '11', '12', '2', '0', '0', 'jugado');
INSERT INTO `partidos` VALUES ('1592', '11', '9', '1', '3', '2', 'jugado');
INSERT INTO `partidos` VALUES ('1593', '11', '6', '8', '1', '0', 'jugado');
INSERT INTO `partidos` VALUES ('1594', '11', '7', '4', '4', '2', 'jugado');
INSERT INTO `partidos` VALUES ('1595', '11', '10', '5', '0', '0', 'jugado');
INSERT INTO `partidos` VALUES ('1596', '11', '3', '11', '1', '0', 'jugado');
INSERT INTO `partidos` VALUES ('1597', '11', '11', '12', '0', '0', 'jugado');
INSERT INTO `partidos` VALUES ('1598', '11', '5', '3', '4', '3', 'jugado');
INSERT INTO `partidos` VALUES ('1599', '11', '4', '10', '3', '1', 'jugado');
INSERT INTO `partidos` VALUES ('1600', '11', '8', '7', '3', '1', 'jugado');
INSERT INTO `partidos` VALUES ('1601', '11', '1', '6', '2', '0', 'jugado');
INSERT INTO `partidos` VALUES ('1602', '11', '2', '9', '6', '0', 'jugado');
INSERT INTO `partidos` VALUES ('1603', '11', '12', '9', '5', '1', 'jugado');
INSERT INTO `partidos` VALUES ('1604', '11', '6', '2', '2', '2', 'jugado');
INSERT INTO `partidos` VALUES ('1605', '11', '7', '1', '1', '0', 'jugado');
INSERT INTO `partidos` VALUES ('1606', '11', '10', '8', '2', '2', 'jugado');
INSERT INTO `partidos` VALUES ('1607', '11', '3', '4', '1', '1', 'jugado');
INSERT INTO `partidos` VALUES ('1608', '11', '11', '5', '2', '2', 'jugado');
INSERT INTO `partidos` VALUES ('1609', '11', '5', '12', '2', '1', 'jugado');
INSERT INTO `partidos` VALUES ('1610', '11', '4', '11', '4', '0', 'jugado');
INSERT INTO `partidos` VALUES ('1611', '11', '8', '3', '1', '3', 'jugado');
INSERT INTO `partidos` VALUES ('1612', '11', '1', '10', '1', '0', 'jugado');
INSERT INTO `partidos` VALUES ('1613', '11', '2', '7', '2', '1', 'jugado');
INSERT INTO `partidos` VALUES ('1614', '11', '9', '6', '0', '0', 'jugado');
INSERT INTO `partidos` VALUES ('1615', '11', '12', '6', '1', '0', 'jugado');
INSERT INTO `partidos` VALUES ('1616', '11', '7', '9', '1', '1', 'jugado');
INSERT INTO `partidos` VALUES ('1617', '11', '10', '2', '1', '0', 'jugado');
INSERT INTO `partidos` VALUES ('1618', '11', '3', '1', '1', '3', 'jugado');
INSERT INTO `partidos` VALUES ('1619', '11', '11', '8', '3', '2', 'jugado');
INSERT INTO `partidos` VALUES ('1620', '11', '5', '4', '1', '3', 'jugado');
INSERT INTO `partidos` VALUES ('1621', '11', '4', '12', '2', '1', 'jugado');
INSERT INTO `partidos` VALUES ('1622', '11', '8', '5', '0', '0', 'jugado');
INSERT INTO `partidos` VALUES ('1623', '11', '1', '11', '1', '0', 'jugado');
INSERT INTO `partidos` VALUES ('1624', '11', '2', '3', '4', '1', 'jugado');
INSERT INTO `partidos` VALUES ('1625', '11', '9', '10', '1', '1', 'jugado');
INSERT INTO `partidos` VALUES ('1626', '11', '6', '7', '1', '0', 'jugado');
INSERT INTO `partidos` VALUES ('1627', '11', '12', '7', '2', '0', 'jugado');
INSERT INTO `partidos` VALUES ('1628', '11', '10', '6', '3', '2', 'jugado');
INSERT INTO `partidos` VALUES ('1629', '11', '3', '9', '1', '0', 'jugado');
INSERT INTO `partidos` VALUES ('1630', '11', '11', '2', '0', '0', 'jugado');
INSERT INTO `partidos` VALUES ('1631', '11', '5', '1', '0', '4', 'jugado');
INSERT INTO `partidos` VALUES ('1632', '11', '4', '8', '1', '1', 'jugado');
INSERT INTO `partidos` VALUES ('1633', '11', '8', '12', '2', '1', 'jugado');
INSERT INTO `partidos` VALUES ('1634', '11', '1', '4', '0', '1', 'jugado');
INSERT INTO `partidos` VALUES ('1635', '11', '2', '5', '2', '2', 'jugado');
INSERT INTO `partidos` VALUES ('1636', '11', '9', '11', '1', '2', 'jugado');
INSERT INTO `partidos` VALUES ('1637', '11', '6', '3', '1', '4', 'jugado');
INSERT INTO `partidos` VALUES ('1638', '11', '7', '10', '1', '1', 'jugado');
INSERT INTO `partidos` VALUES ('1639', '11', '12', '10', '2', '0', 'jugado');
INSERT INTO `partidos` VALUES ('1640', '11', '3', '7', '1', '0', 'jugado');
INSERT INTO `partidos` VALUES ('1641', '11', '11', '6', '3', '3', 'jugado');
INSERT INTO `partidos` VALUES ('1642', '11', '5', '9', '4', '1', 'jugado');
INSERT INTO `partidos` VALUES ('1643', '11', '4', '2', '4', '1', 'jugado');
INSERT INTO `partidos` VALUES ('1644', '11', '8', '1', '0', '2', 'jugado');
INSERT INTO `partidos` VALUES ('1645', '10', '8', '10', '0', '1', 'jugado');
INSERT INTO `partidos` VALUES ('1646', '10', '6', '7', '4', '1', 'jugado');
INSERT INTO `partidos` VALUES ('1647', '10', '5', '12', '4', '0', 'jugado');
INSERT INTO `partidos` VALUES ('1648', '10', '4', '3', '1', '0', 'jugado');
INSERT INTO `partidos` VALUES ('1649', '10', '2', '9', '0', '0', 'jugado');
INSERT INTO `partidos` VALUES ('1650', '10', '1', '11', '1', '1', 'jugado');
INSERT INTO `partidos` VALUES ('1651', '10', '10', '11', '1', '1', 'jugado');
INSERT INTO `partidos` VALUES ('1652', '10', '9', '1', '1', '3', 'jugado');
INSERT INTO `partidos` VALUES ('1653', '10', '3', '2', '1', '0', 'jugado');
INSERT INTO `partidos` VALUES ('1654', '10', '12', '4', '0', '4', 'jugado');
INSERT INTO `partidos` VALUES ('1655', '10', '7', '5', '0', '0', 'jugado');
INSERT INTO `partidos` VALUES ('1656', '10', '8', '6', '1', '4', 'jugado');
INSERT INTO `partidos` VALUES ('1657', '10', '6', '10', '1', '2', 'jugado');
INSERT INTO `partidos` VALUES ('1658', '10', '5', '8', '3', '0', 'jugado');
INSERT INTO `partidos` VALUES ('1659', '10', '4', '7', '3', '1', 'jugado');
INSERT INTO `partidos` VALUES ('1660', '10', '2', '12', '3', '1', 'jugado');
INSERT INTO `partidos` VALUES ('1661', '10', '1', '3', '4', '0', 'jugado');
INSERT INTO `partidos` VALUES ('1662', '10', '11', '9', '3', '2', 'jugado');
INSERT INTO `partidos` VALUES ('1663', '10', '10', '9', '1', '0', 'jugado');
INSERT INTO `partidos` VALUES ('1664', '10', '3', '11', '2', '0', 'jugado');
INSERT INTO `partidos` VALUES ('1665', '10', '12', '1', '2', '1', 'jugado');
INSERT INTO `partidos` VALUES ('1666', '10', '7', '2', '0', '2', 'jugado');
INSERT INTO `partidos` VALUES ('1667', '10', '8', '4', '1', '1', 'jugado');
INSERT INTO `partidos` VALUES ('1668', '10', '6', '5', '2', '1', 'jugado');
INSERT INTO `partidos` VALUES ('1669', '10', '5', '10', '2', '0', 'jugado');
INSERT INTO `partidos` VALUES ('1670', '10', '4', '6', '3', '0', 'jugado');
INSERT INTO `partidos` VALUES ('1671', '10', '2', '8', '2', '0', 'jugado');
INSERT INTO `partidos` VALUES ('1672', '10', '1', '7', '2', '1', 'jugado');
INSERT INTO `partidos` VALUES ('1673', '10', '11', '12', '0', '1', 'jugado');
INSERT INTO `partidos` VALUES ('1674', '10', '9', '3', '2', '1', 'jugado');
INSERT INTO `partidos` VALUES ('1675', '10', '10', '3', '2', '2', 'jugado');
INSERT INTO `partidos` VALUES ('1676', '10', '12', '9', '2', '1', 'jugado');
INSERT INTO `partidos` VALUES ('1677', '10', '7', '11', '0', '1', 'jugado');
INSERT INTO `partidos` VALUES ('1678', '10', '8', '1', '1', '0', 'jugado');
INSERT INTO `partidos` VALUES ('1679', '10', '6', '2', '1', '2', 'jugado');
INSERT INTO `partidos` VALUES ('1680', '10', '5', '4', '0', '1', 'jugado');
INSERT INTO `partidos` VALUES ('1681', '10', '4', '10', '2', '1', 'jugado');
INSERT INTO `partidos` VALUES ('1682', '10', '2', '5', '5', '1', 'jugado');
INSERT INTO `partidos` VALUES ('1683', '10', '1', '6', '1', '0', 'jugado');
INSERT INTO `partidos` VALUES ('1684', '10', '11', '8', '3', '0', 'jugado');
INSERT INTO `partidos` VALUES ('1685', '10', '9', '7', '1', '2', 'jugado');
INSERT INTO `partidos` VALUES ('1686', '10', '3', '12', '4', '1', 'jugado');
INSERT INTO `partidos` VALUES ('1687', '10', '10', '12', '1', '2', 'jugado');
INSERT INTO `partidos` VALUES ('1688', '10', '7', '3', '2', '3', 'jugado');
INSERT INTO `partidos` VALUES ('1689', '10', '8', '9', '1', '1', 'jugado');
INSERT INTO `partidos` VALUES ('1690', '10', '6', '11', '1', '2', 'jugado');
INSERT INTO `partidos` VALUES ('1691', '10', '5', '1', '1', '2', 'jugado');
INSERT INTO `partidos` VALUES ('1692', '10', '4', '2', '1', '1', 'jugado');
INSERT INTO `partidos` VALUES ('1693', '10', '2', '10', '1', '2', 'jugado');
INSERT INTO `partidos` VALUES ('1694', '10', '1', '4', '2', '3', 'jugado');
INSERT INTO `partidos` VALUES ('1695', '10', '11', '5', '0', '3', 'jugado');
INSERT INTO `partidos` VALUES ('1696', '10', '9', '6', '1', '1', 'jugado');
INSERT INTO `partidos` VALUES ('1697', '10', '3', '8', '0', '1', 'jugado');
INSERT INTO `partidos` VALUES ('1698', '10', '12', '7', '2', '1', 'jugado');
INSERT INTO `partidos` VALUES ('1699', '10', '10', '7', '2', '1', 'jugado');
INSERT INTO `partidos` VALUES ('1700', '10', '8', '12', '2', '1', 'jugado');
INSERT INTO `partidos` VALUES ('1701', '10', '6', '3', '3', '1', 'jugado');
INSERT INTO `partidos` VALUES ('1702', '10', '5', '9', '2', '1', 'jugado');
INSERT INTO `partidos` VALUES ('1703', '10', '4', '11', '2', '0', 'jugado');
INSERT INTO `partidos` VALUES ('1704', '10', '2', '1', '2', '2', 'jugado');
INSERT INTO `partidos` VALUES ('1705', '10', '1', '10', '2', '2', 'jugado');
INSERT INTO `partidos` VALUES ('1706', '10', '11', '2', '1', '1', 'jugado');
INSERT INTO `partidos` VALUES ('1707', '10', '9', '4', '1', '0', 'jugado');
INSERT INTO `partidos` VALUES ('1708', '10', '3', '5', '1', '0', 'jugado');
INSERT INTO `partidos` VALUES ('1709', '10', '12', '6', '1', '0', 'jugado');
INSERT INTO `partidos` VALUES ('1710', '10', '7', '8', '3', '2', 'jugado');
INSERT INTO `partidos` VALUES ('1711', '10', '10', '1', '2', '1', 'jugado');
INSERT INTO `partidos` VALUES ('1712', '10', '2', '11', '1', '1', 'jugado');
INSERT INTO `partidos` VALUES ('1713', '10', '4', '9', '1', '0', 'jugado');
INSERT INTO `partidos` VALUES ('1714', '10', '5', '3', '5', '1', 'jugado');
INSERT INTO `partidos` VALUES ('1715', '10', '6', '12', '2', '1', 'jugado');
INSERT INTO `partidos` VALUES ('1716', '10', '8', '7', '3', '1', 'jugado');
INSERT INTO `partidos` VALUES ('1717', '10', '7', '10', '1', '4', 'jugado');
INSERT INTO `partidos` VALUES ('1718', '10', '12', '8', '1', '1', 'jugado');
INSERT INTO `partidos` VALUES ('1719', '10', '3', '6', '1', '0', 'jugado');
INSERT INTO `partidos` VALUES ('1720', '10', '9', '5', '2', '0', 'jugado');
INSERT INTO `partidos` VALUES ('1721', '10', '11', '4', '2', '2', 'jugado');
INSERT INTO `partidos` VALUES ('1722', '10', '1', '2', '4', '0', 'jugado');
INSERT INTO `partidos` VALUES ('1723', '10', '10', '2', '1', '1', 'jugado');
INSERT INTO `partidos` VALUES ('1724', '10', '4', '1', '1', '0', 'jugado');
INSERT INTO `partidos` VALUES ('1725', '10', '5', '11', '3', '0', 'jugado');
INSERT INTO `partidos` VALUES ('1726', '10', '6', '9', '1', '1', 'jugado');
INSERT INTO `partidos` VALUES ('1727', '10', '8', '3', '2', '2', 'jugado');
INSERT INTO `partidos` VALUES ('1728', '10', '7', '12', '3', '2', 'jugado');
INSERT INTO `partidos` VALUES ('1729', '10', '12', '10', '1', '2', 'jugado');
INSERT INTO `partidos` VALUES ('1730', '10', '3', '7', '1', '0', 'jugado');
INSERT INTO `partidos` VALUES ('1731', '10', '9', '8', '1', '1', 'jugado');
INSERT INTO `partidos` VALUES ('1732', '10', '11', '6', '1', '0', 'jugado');
INSERT INTO `partidos` VALUES ('1733', '10', '1', '5', '0', '0', 'jugado');
INSERT INTO `partidos` VALUES ('1734', '10', '2', '4', '1', '2', 'jugado');
INSERT INTO `partidos` VALUES ('1735', '10', '10', '4', '2', '0', 'jugado');
INSERT INTO `partidos` VALUES ('1736', '10', '5', '2', '1', '1', 'jugado');
INSERT INTO `partidos` VALUES ('1737', '10', '6', '1', '1', '0', 'jugado');
INSERT INTO `partidos` VALUES ('1738', '10', '8', '11', '1', '1', 'jugado');
INSERT INTO `partidos` VALUES ('1739', '10', '7', '9', '1', '1', 'jugado');
INSERT INTO `partidos` VALUES ('1740', '10', '12', '3', '1', '0', 'jugado');
INSERT INTO `partidos` VALUES ('1741', '10', '3', '10', '1', '4', 'jugado');
INSERT INTO `partidos` VALUES ('1742', '10', '9', '12', '3', '3', 'jugado');
INSERT INTO `partidos` VALUES ('1743', '10', '11', '7', '1', '0', 'jugado');
INSERT INTO `partidos` VALUES ('1744', '10', '1', '8', '0', '0', 'jugado');
INSERT INTO `partidos` VALUES ('1745', '10', '2', '6', '2', '1', 'jugado');
INSERT INTO `partidos` VALUES ('1746', '10', '4', '5', '1', '1', 'jugado');
INSERT INTO `partidos` VALUES ('1747', '10', '10', '5', '0', '0', 'jugado');
INSERT INTO `partidos` VALUES ('1748', '10', '6', '4', '1', '1', 'jugado');
INSERT INTO `partidos` VALUES ('1749', '10', '8', '2', '0', '1', 'jugado');
INSERT INTO `partidos` VALUES ('1750', '10', '7', '1', '0', '2', 'jugado');
INSERT INTO `partidos` VALUES ('1751', '10', '12', '11', '2', '1', 'jugado');
INSERT INTO `partidos` VALUES ('1752', '10', '3', '9', '1', '0', 'jugado');
INSERT INTO `partidos` VALUES ('1753', '10', '9', '10', '0', '0', 'jugado');
INSERT INTO `partidos` VALUES ('1754', '10', '11', '3', '2', '1', 'jugado');
INSERT INTO `partidos` VALUES ('1755', '10', '1', '12', '3', '2', 'jugado');
INSERT INTO `partidos` VALUES ('1756', '10', '2', '7', '1', '1', 'jugado');
INSERT INTO `partidos` VALUES ('1757', '10', '4', '8', '1', '0', 'jugado');
INSERT INTO `partidos` VALUES ('1758', '10', '5', '6', '4', '3', 'jugado');
INSERT INTO `partidos` VALUES ('1759', '10', '10', '6', '4', '0', 'jugado');
INSERT INTO `partidos` VALUES ('1760', '10', '8', '5', '1', '3', 'jugado');
INSERT INTO `partidos` VALUES ('1761', '10', '7', '4', '4', '1', 'jugado');
INSERT INTO `partidos` VALUES ('1762', '10', '12', '2', '0', '1', 'jugado');
INSERT INTO `partidos` VALUES ('1763', '10', '3', '1', '1', '1', 'jugado');
INSERT INTO `partidos` VALUES ('1764', '10', '9', '11', '1', '4', 'jugado');
INSERT INTO `partidos` VALUES ('1765', '10', '11', '10', '1', '0', 'jugado');
INSERT INTO `partidos` VALUES ('1766', '10', '1', '9', '2', '0', 'jugado');
INSERT INTO `partidos` VALUES ('1767', '10', '2', '3', '0', '1', 'jugado');
INSERT INTO `partidos` VALUES ('1768', '10', '4', '12', '1', '1', 'jugado');
INSERT INTO `partidos` VALUES ('1769', '10', '5', '7', '1', '1', 'jugado');
INSERT INTO `partidos` VALUES ('1770', '10', '6', '8', '0', '3', 'jugado');
INSERT INTO `partidos` VALUES ('1771', '10', '10', '8', '1', '1', 'jugado');
INSERT INTO `partidos` VALUES ('1772', '10', '7', '6', '1', '2', 'jugado');
INSERT INTO `partidos` VALUES ('1773', '10', '12', '5', '1', '2', 'jugado');
INSERT INTO `partidos` VALUES ('1774', '10', '3', '4', '1', '1', 'jugado');
INSERT INTO `partidos` VALUES ('1775', '10', '9', '2', '1', '2', 'jugado');
INSERT INTO `partidos` VALUES ('1776', '10', '11', '1', '1', '0', 'jugado');

-- ----------------------------
-- Table structure for `tabla`
-- ----------------------------
DROP TABLE IF EXISTS `tabla`;
CREATE TABLE `tabla` (
  `id` int(11) NOT NULL AUTO_INCREMENT,
  `torneo` int(11) DEFAULT NULL,
  `equipo` int(11) DEFAULT NULL,
  `pg` int(11) DEFAULT '0',
  `pe` int(11) DEFAULT '0',
  `pp` int(11) DEFAULT '0',
  `pts` int(11) DEFAULT '0',
  `gf` int(11) DEFAULT '0',
  `gc` int(11) DEFAULT '0',
  `grupo` int(11) DEFAULT '1',
  PRIMARY KEY (`id`)
) ENGINE=InnoDB AUTO_INCREMENT=145 DEFAULT CHARSET=utf8 COLLATE=utf8_spanish_ci;

-- ----------------------------
-- Records of tabla
-- ----------------------------
INSERT INTO `tabla` VALUES ('1', '3', '13', '13', '11', '6', '0', '46', '35', '1');
INSERT INTO `tabla` VALUES ('2', '3', '14', '12', '9', '9', '0', '46', '45', '1');
INSERT INTO `tabla` VALUES ('3', '3', '15', '12', '11', '7', '0', '41', '32', '1');
INSERT INTO `tabla` VALUES ('4', '3', '16', '9', '8', '13', '0', '39', '48', '1');
INSERT INTO `tabla` VALUES ('5', '3', '17', '9', '11', '10', '0', '39', '39', '1');
INSERT INTO `tabla` VALUES ('6', '3', '18', '8', '8', '14', '0', '38', '53', '1');
INSERT INTO `tabla` VALUES ('7', '3', '19', '11', '9', '10', '0', '50', '40', '1');
INSERT INTO `tabla` VALUES ('8', '3', '20', '12', '9', '9', '0', '43', '35', '1');
INSERT INTO `tabla` VALUES ('9', '3', '21', '11', '7', '12', '0', '40', '41', '1');
INSERT INTO `tabla` VALUES ('10', '3', '22', '7', '9', '14', '0', '32', '55', '1');
INSERT INTO `tabla` VALUES ('11', '3', '23', '12', '9', '9', '0', '49', '40', '1');
INSERT INTO `tabla` VALUES ('12', '3', '24', '12', '9', '9', '0', '53', '42', '1');
INSERT INTO `tabla` VALUES ('13', '3', '25', '11', '7', '12', '0', '45', '42', '1');
INSERT INTO `tabla` VALUES ('14', '3', '26', '10', '9', '11', '0', '37', '43', '1');
INSERT INTO `tabla` VALUES ('15', '3', '27', '10', '10', '10', '0', '43', '40', '1');
INSERT INTO `tabla` VALUES ('16', '3', '28', '8', '10', '12', '0', '41', '52', '1');
INSERT INTO `tabla` VALUES ('17', '2', '1', '16', '3', '3', '0', '49', '23', '1');
INSERT INTO `tabla` VALUES ('18', '2', '2', '11', '5', '6', '0', '38', '28', '1');
INSERT INTO `tabla` VALUES ('19', '2', '3', '9', '8', '5', '0', '39', '30', '1');
INSERT INTO `tabla` VALUES ('20', '2', '4', '11', '3', '8', '0', '36', '24', '1');
INSERT INTO `tabla` VALUES ('21', '2', '5', '7', '7', '8', '0', '34', '39', '1');
INSERT INTO `tabla` VALUES ('22', '2', '6', '6', '2', '14', '0', '22', '35', '1');
INSERT INTO `tabla` VALUES ('23', '2', '7', '8', '5', '9', '0', '30', '37', '1');
INSERT INTO `tabla` VALUES ('24', '2', '8', '2', '8', '12', '0', '17', '38', '1');
INSERT INTO `tabla` VALUES ('25', '2', '9', '7', '4', '11', '0', '27', '43', '1');
INSERT INTO `tabla` VALUES ('26', '2', '10', '11', '6', '5', '0', '38', '29', '1');
INSERT INTO `tabla` VALUES ('27', '2', '11', '8', '6', '8', '0', '32', '29', '1');
INSERT INTO `tabla` VALUES ('28', '2', '12', '5', '5', '12', '0', '34', '41', '1');
INSERT INTO `tabla` VALUES ('29', '1', '1', '11', '5', '6', '0', '33', '25', '1');
INSERT INTO `tabla` VALUES ('30', '1', '2', '11', '4', '7', '0', '34', '29', '1');
INSERT INTO `tabla` VALUES ('31', '1', '3', '9', '7', '6', '0', '30', '22', '1');
INSERT INTO `tabla` VALUES ('32', '1', '4', '7', '6', '9', '0', '28', '30', '1');
INSERT INTO `tabla` VALUES ('33', '1', '5', '11', '6', '5', '0', '37', '25', '1');
INSERT INTO `tabla` VALUES ('34', '1', '6', '5', '9', '8', '0', '23', '30', '1');
INSERT INTO `tabla` VALUES ('35', '1', '7', '3', '8', '11', '0', '22', '40', '1');
INSERT INTO `tabla` VALUES ('36', '1', '8', '6', '6', '10', '0', '20', '28', '1');
INSERT INTO `tabla` VALUES ('37', '1', '9', '6', '5', '11', '0', '25', '31', '1');
INSERT INTO `tabla` VALUES ('38', '1', '10', '11', '4', '7', '0', '34', '27', '1');
INSERT INTO `tabla` VALUES ('39', '1', '11', '13', '3', '6', '0', '30', '19', '1');
INSERT INTO `tabla` VALUES ('40', '1', '12', '4', '7', '11', '0', '28', '38', '1');
INSERT INTO `tabla` VALUES ('41', '4', '29', '0', '0', '0', '0', '0', '0', '1');
INSERT INTO `tabla` VALUES ('42', '4', '30', '0', '0', '0', '0', '0', '0', '1');
INSERT INTO `tabla` VALUES ('43', '4', '31', '0', '0', '0', '0', '0', '0', '1');
INSERT INTO `tabla` VALUES ('44', '4', '32', '0', '0', '0', '0', '0', '0', '1');
INSERT INTO `tabla` VALUES ('45', '4', '33', '0', '0', '0', '0', '0', '0', '1');
INSERT INTO `tabla` VALUES ('46', '4', '34', '0', '0', '0', '0', '0', '0', '1');
INSERT INTO `tabla` VALUES ('47', '4', '35', '0', '0', '0', '0', '0', '0', '1');
INSERT INTO `tabla` VALUES ('48', '4', '36', '0', '0', '0', '0', '0', '0', '1');
INSERT INTO `tabla` VALUES ('49', '4', '37', '0', '0', '0', '0', '0', '0', '1');
INSERT INTO `tabla` VALUES ('50', '4', '38', '0', '0', '0', '0', '0', '0', '1');
INSERT INTO `tabla` VALUES ('51', '4', '39', '0', '0', '0', '0', '0', '0', '1');
INSERT INTO `tabla` VALUES ('52', '4', '40', '0', '0', '0', '0', '0', '0', '1');
INSERT INTO `tabla` VALUES ('53', '4', '41', '0', '0', '0', '0', '0', '0', '1');
INSERT INTO `tabla` VALUES ('54', '4', '42', '0', '0', '0', '0', '0', '0', '1');
INSERT INTO `tabla` VALUES ('55', '4', '43', '0', '0', '0', '0', '0', '0', '1');
INSERT INTO `tabla` VALUES ('56', '4', '44', '0', '0', '0', '0', '0', '0', '1');
INSERT INTO `tabla` VALUES ('57', '5', '29', '20', '8', '2', '0', '67', '28', '1');
INSERT INTO `tabla` VALUES ('58', '5', '30', '15', '9', '6', '0', '58', '34', '1');
INSERT INTO `tabla` VALUES ('59', '5', '31', '14', '6', '10', '0', '48', '37', '1');
INSERT INTO `tabla` VALUES ('60', '5', '32', '9', '12', '9', '0', '47', '45', '1');
INSERT INTO `tabla` VALUES ('61', '5', '33', '18', '7', '5', '0', '57', '28', '1');
INSERT INTO `tabla` VALUES ('62', '5', '34', '11', '12', '7', '0', '56', '39', '1');
INSERT INTO `tabla` VALUES ('63', '5', '35', '12', '7', '11', '0', '41', '51', '1');
INSERT INTO `tabla` VALUES ('64', '5', '36', '13', '6', '11', '0', '39', '38', '1');
INSERT INTO `tabla` VALUES ('65', '5', '37', '8', '7', '15', '0', '42', '54', '1');
INSERT INTO `tabla` VALUES ('66', '5', '38', '9', '8', '13', '0', '33', '48', '1');
INSERT INTO `tabla` VALUES ('67', '5', '39', '7', '4', '19', '0', '38', '58', '1');
INSERT INTO `tabla` VALUES ('68', '5', '40', '11', '3', '16', '0', '35', '55', '1');
INSERT INTO `tabla` VALUES ('69', '5', '41', '8', '10', '12', '0', '36', '48', '1');
INSERT INTO `tabla` VALUES ('70', '5', '42', '11', '4', '15', '0', '35', '45', '1');
INSERT INTO `tabla` VALUES ('71', '5', '43', '8', '9', '13', '0', '36', '51', '1');
INSERT INTO `tabla` VALUES ('72', '5', '44', '7', '6', '17', '0', '43', '52', '1');
INSERT INTO `tabla` VALUES ('73', '6', '1', '12', '5', '5', '0', '38', '26', '1');
INSERT INTO `tabla` VALUES ('74', '6', '2', '13', '4', '5', '0', '42', '21', '1');
INSERT INTO `tabla` VALUES ('75', '6', '3', '9', '4', '9', '0', '30', '33', '1');
INSERT INTO `tabla` VALUES ('76', '6', '4', '12', '5', '5', '0', '41', '32', '1');
INSERT INTO `tabla` VALUES ('77', '6', '5', '9', '7', '6', '0', '39', '29', '1');
INSERT INTO `tabla` VALUES ('78', '6', '6', '4', '8', '10', '0', '24', '36', '1');
INSERT INTO `tabla` VALUES ('79', '6', '7', '5', '8', '9', '0', '28', '34', '1');
INSERT INTO `tabla` VALUES ('80', '6', '8', '4', '6', '12', '0', '27', '41', '1');
INSERT INTO `tabla` VALUES ('81', '6', '9', '10', '2', '10', '0', '37', '46', '1');
INSERT INTO `tabla` VALUES ('82', '6', '10', '8', '5', '9', '0', '38', '35', '1');
INSERT INTO `tabla` VALUES ('83', '6', '11', '6', '8', '8', '0', '33', '37', '1');
INSERT INTO `tabla` VALUES ('84', '6', '12', '7', '4', '11', '0', '26', '33', '1');
INSERT INTO `tabla` VALUES ('85', '7', '1', '9', '7', '6', '0', '33', '29', '1');
INSERT INTO `tabla` VALUES ('86', '7', '2', '13', '3', '6', '0', '40', '29', '1');
INSERT INTO `tabla` VALUES ('87', '7', '3', '10', '6', '6', '0', '37', '29', '1');
INSERT INTO `tabla` VALUES ('88', '7', '4', '10', '5', '7', '0', '33', '27', '1');
INSERT INTO `tabla` VALUES ('89', '7', '5', '11', '8', '3', '0', '38', '24', '1');
INSERT INTO `tabla` VALUES ('90', '7', '6', '8', '5', '9', '0', '36', '38', '1');
INSERT INTO `tabla` VALUES ('91', '7', '7', '4', '5', '13', '0', '30', '39', '1');
INSERT INTO `tabla` VALUES ('92', '7', '8', '6', '5', '11', '0', '28', '32', '1');
INSERT INTO `tabla` VALUES ('93', '7', '9', '5', '3', '14', '0', '22', '44', '1');
INSERT INTO `tabla` VALUES ('94', '7', '10', '9', '2', '11', '0', '30', '34', '1');
INSERT INTO `tabla` VALUES ('95', '7', '11', '7', '6', '9', '0', '27', '32', '1');
INSERT INTO `tabla` VALUES ('96', '7', '12', '8', '9', '5', '0', '31', '28', '1');
INSERT INTO `tabla` VALUES ('97', '9', '1', '11', '5', '6', '0', '43', '29', '1');
INSERT INTO `tabla` VALUES ('98', '9', '2', '11', '3', '8', '0', '41', '39', '1');
INSERT INTO `tabla` VALUES ('99', '9', '3', '6', '10', '6', '0', '30', '27', '1');
INSERT INTO `tabla` VALUES ('100', '9', '4', '9', '5', '8', '0', '37', '35', '1');
INSERT INTO `tabla` VALUES ('101', '9', '5', '11', '3', '8', '0', '34', '34', '1');
INSERT INTO `tabla` VALUES ('102', '9', '6', '8', '8', '6', '0', '30', '29', '1');
INSERT INTO `tabla` VALUES ('103', '9', '7', '3', '5', '14', '0', '20', '38', '1');
INSERT INTO `tabla` VALUES ('104', '9', '8', '8', '3', '11', '0', '34', '49', '1');
INSERT INTO `tabla` VALUES ('105', '9', '9', '6', '9', '7', '0', '28', '27', '1');
INSERT INTO `tabla` VALUES ('106', '9', '10', '8', '7', '7', '0', '35', '32', '1');
INSERT INTO `tabla` VALUES ('107', '9', '11', '9', '5', '8', '0', '36', '29', '1');
INSERT INTO `tabla` VALUES ('108', '9', '12', '6', '9', '7', '0', '31', '31', '1');
INSERT INTO `tabla` VALUES ('109', '8', '1', '5', '7', '10', '0', '22', '30', '1');
INSERT INTO `tabla` VALUES ('110', '8', '2', '13', '4', '5', '0', '36', '27', '1');
INSERT INTO `tabla` VALUES ('111', '8', '3', '6', '7', '9', '0', '36', '35', '1');
INSERT INTO `tabla` VALUES ('112', '8', '4', '9', '8', '5', '0', '29', '29', '1');
INSERT INTO `tabla` VALUES ('113', '8', '5', '7', '10', '5', '0', '30', '25', '1');
INSERT INTO `tabla` VALUES ('114', '8', '6', '9', '6', '7', '0', '31', '26', '1');
INSERT INTO `tabla` VALUES ('115', '8', '7', '6', '6', '10', '0', '31', '35', '1');
INSERT INTO `tabla` VALUES ('116', '8', '8', '5', '8', '9', '0', '28', '33', '1');
INSERT INTO `tabla` VALUES ('117', '8', '9', '3', '7', '12', '0', '18', '34', '1');
INSERT INTO `tabla` VALUES ('118', '8', '10', '10', '3', '9', '0', '34', '32', '1');
INSERT INTO `tabla` VALUES ('119', '8', '11', '9', '7', '6', '0', '35', '30', '1');
INSERT INTO `tabla` VALUES ('120', '8', '12', '10', '7', '5', '0', '29', '23', '1');
INSERT INTO `tabla` VALUES ('121', '11', '1', '12', '3', '7', '0', '39', '22', '1');
INSERT INTO `tabla` VALUES ('122', '11', '2', '11', '7', '4', '0', '46', '24', '1');
INSERT INTO `tabla` VALUES ('123', '11', '3', '11', '4', '7', '0', '35', '36', '1');
INSERT INTO `tabla` VALUES ('124', '11', '4', '10', '9', '3', '0', '37', '24', '1');
INSERT INTO `tabla` VALUES ('125', '11', '5', '9', '9', '4', '0', '45', '35', '1');
INSERT INTO `tabla` VALUES ('126', '11', '6', '5', '8', '9', '0', '30', '39', '1');
INSERT INTO `tabla` VALUES ('127', '11', '7', '5', '6', '11', '0', '31', '47', '1');
INSERT INTO `tabla` VALUES ('128', '11', '8', '4', '7', '11', '0', '27', '37', '1');
INSERT INTO `tabla` VALUES ('129', '11', '9', '5', '6', '11', '0', '24', '47', '1');
INSERT INTO `tabla` VALUES ('130', '11', '10', '6', '7', '9', '0', '31', '30', '1');
INSERT INTO `tabla` VALUES ('131', '11', '11', '8', '5', '9', '0', '31', '39', '1');
INSERT INTO `tabla` VALUES ('132', '11', '12', '6', '9', '7', '0', '29', '25', '1');
INSERT INTO `tabla` VALUES ('133', '10', '1', '9', '6', '7', '0', '33', '22', '1');
INSERT INTO `tabla` VALUES ('134', '10', '2', '9', '8', '5', '0', '30', '23', '1');
INSERT INTO `tabla` VALUES ('135', '10', '3', '9', '4', '9', '0', '26', '32', '1');
INSERT INTO `tabla` VALUES ('136', '10', '4', '12', '7', '3', '0', '33', '20', '1');
INSERT INTO `tabla` VALUES ('137', '10', '5', '10', '6', '6', '0', '37', '23', '1');
INSERT INTO `tabla` VALUES ('138', '10', '6', '7', '3', '12', '0', '28', '35', '1');
INSERT INTO `tabla` VALUES ('139', '10', '7', '4', '4', '14', '0', '25', '41', '1');
INSERT INTO `tabla` VALUES ('140', '10', '8', '5', '8', '9', '0', '22', '31', '1');
INSERT INTO `tabla` VALUES ('141', '10', '9', '3', '8', '11', '0', '21', '32', '1');
INSERT INTO `tabla` VALUES ('142', '10', '10', '11', '7', '4', '0', '35', '21', '1');
INSERT INTO `tabla` VALUES ('143', '10', '11', '10', '6', '6', '0', '27', '25', '1');
INSERT INTO `tabla` VALUES ('144', '10', '12', '8', '3', '11', '0', '28', '40', '1');

-- ----------------------------
-- Table structure for `torneo`
-- ----------------------------
DROP TABLE IF EXISTS `torneo`;
CREATE TABLE `torneo` (
  `id` int(11) NOT NULL AUTO_INCREMENT,
  `nombre` varchar(255) COLLATE utf8_spanish_ci DEFAULT NULL,
  `año` int(4) DEFAULT NULL,
  `torneo_id` int(11) DEFAULT NULL,
  PRIMARY KEY (`id`)
) ENGINE=InnoDB AUTO_INCREMENT=12 DEFAULT CHARSET=utf8 COLLATE=utf8_spanish_ci;

-- ----------------------------
-- Records of torneo
-- ----------------------------
INSERT INTO `torneo` VALUES ('1', 'Torneo Clausura', '2013', '1');
INSERT INTO `torneo` VALUES ('2', 'Torneo Apertura', '2013', '1');
INSERT INTO `torneo` VALUES ('3', 'Torneo Intermedia', '2013', '2');
INSERT INTO `torneo` VALUES ('5', 'Campeonato Uruguayo', '2013', '3');
INSERT INTO `torneo` VALUES ('6', 'Torneo Clausura', '2014', '1');
INSERT INTO `torneo` VALUES ('7', 'Torneo Apertura', '2014', '1');
INSERT INTO `torneo` VALUES ('8', 'Torneo Clausura', '2015', '1');
INSERT INTO `torneo` VALUES ('9', 'Torneo Apertura', '2015', '1');
INSERT INTO `torneo` VALUES ('10', 'Torneo Clausura', '2012', '1');
INSERT INTO `torneo` VALUES ('11', 'Torneo Apertura', '2012', '1');

-- ----------------------------
-- Table structure for `torneo_clasificatorio_ascenso`
-- ----------------------------
DROP TABLE IF EXISTS `torneo_clasificatorio_ascenso`;
CREATE TABLE `torneo_clasificatorio_ascenso` (
  `id` int(11) NOT NULL AUTO_INCREMENT,
  `nombre` varchar(255) DEFAULT NULL,
  `torneo_id` int(11) DEFAULT NULL,
  `destino_torneo` int(11) DEFAULT NULL,
  `posicion` int(11) DEFAULT NULL,
  `posicion_destino` int(11) DEFAULT NULL,
  PRIMARY KEY (`id`)
) ENGINE=InnoDB AUTO_INCREMENT=10 DEFAULT CHARSET=latin1;

-- ----------------------------
-- Records of torneo_clasificatorio_ascenso
-- ----------------------------
INSERT INTO `torneo_clasificatorio_ascenso` VALUES ('1', 'Ascenso a Primera (Campeon)', '2', '1', '1', '1');
INSERT INTO `torneo_clasificatorio_ascenso` VALUES ('2', 'Ascenso a Primera (Subcampeon)', '2', '1', '2', '1');
INSERT INTO `torneo_clasificatorio_ascenso` VALUES ('3', 'Libertadores - Paraguay 1 (Campeon Acumulativo)', '1', '0', '1', '2');
INSERT INTO `torneo_clasificatorio_ascenso` VALUES ('4', 'Libertadores - Paraguay 2 (Subcampeon Acumulativo)', '1', '0', '2', '2');
INSERT INTO `torneo_clasificatorio_ascenso` VALUES ('5', 'Libertadores - Paraguay 3 (Tercer Acumulativo)', '1', '0', '3', '1');
INSERT INTO `torneo_clasificatorio_ascenso` VALUES ('6', 'Sudamericana - Paraguay 1 (Cuarto Acumulativo)', '1', '0', '4', '1');
INSERT INTO `torneo_clasificatorio_ascenso` VALUES ('7', 'Sudamericana - Paraguay 2 (Quinto Acumulativo)', '1', '0', '5', '1');
INSERT INTO `torneo_clasificatorio_ascenso` VALUES ('8', 'Sudamericana - Paraguay 3 (Sexto Acumulativo)', '1', '0', '6', '1');
INSERT INTO `torneo_clasificatorio_ascenso` VALUES ('9', 'Sudamericana - Paraguay 4 (Septimo Acumulativo)', '1', '0', '7', '1');

-- ----------------------------
-- Table structure for `torneo_clasificatorio_descenso`
-- ----------------------------
DROP TABLE IF EXISTS `torneo_clasificatorio_descenso`;
CREATE TABLE `torneo_clasificatorio_descenso` (
  `id` int(11) NOT NULL AUTO_INCREMENT,
  `nombre` varchar(255) DEFAULT NULL,
  `torneo_id` int(11) DEFAULT NULL,
  `destino_torneo` int(11) DEFAULT NULL,
  `posicion` int(11) DEFAULT NULL,
  `posicion_destino` int(11) DEFAULT NULL,
  PRIMARY KEY (`id`)
) ENGINE=InnoDB AUTO_INCREMENT=3 DEFAULT CHARSET=latin1;

-- ----------------------------
-- Records of torneo_clasificatorio_descenso
-- ----------------------------
INSERT INTO `torneo_clasificatorio_descenso` VALUES ('1', 'Descenso (Peor Acumulativo 1)', '1', '2', '11', '1');
INSERT INTO `torneo_clasificatorio_descenso` VALUES ('2', 'Descenso (Peor Acumulativo 2)', '1', '2', '12', '1');

-- ----------------------------
-- Table structure for `torneo_data`
-- ----------------------------
DROP TABLE IF EXISTS `torneo_data`;
CREATE TABLE `torneo_data` (
  `id` int(11) NOT NULL AUTO_INCREMENT,
  `nombre` varchar(255) COLLATE utf8_spanish_ci DEFAULT NULL,
  `pais` int(3) DEFAULT NULL,
  `division` int(11) DEFAULT NULL,
  `ascienden` int(11) DEFAULT NULL,
  `descienden` int(11) DEFAULT NULL,
  `cupo_libertadores` int(11) DEFAULT NULL,
  `cupo_sudamericana` int(11) DEFAULT NULL,
  `torneo_ascenso_id` int(11) DEFAULT NULL,
  `torneo_descenso_id` int(11) DEFAULT NULL,
  PRIMARY KEY (`id`)
) ENGINE=InnoDB AUTO_INCREMENT=4 DEFAULT CHARSET=utf8 COLLATE=utf8_spanish_ci;

-- ----------------------------
-- Records of torneo_data
-- ----------------------------
INSERT INTO `torneo_data` VALUES ('1', 'División de Honor', '1', '1', '0', '2', '3', '4', '0', '2');
INSERT INTO `torneo_data` VALUES ('2', 'División Intermedia', '1', '2', '2', '3', '0', '0', '1', '0');
INSERT INTO `torneo_data` VALUES ('3', 'Campeonato Uruguayo', '2', '1', '0', '3', '3', '4', '0', '0');

-- ----------------------------
-- Table structure for `torneo_temporada`
-- ----------------------------
DROP TABLE IF EXISTS `torneo_temporada`;
CREATE TABLE `torneo_temporada` (
  `id` int(11) NOT NULL AUTO_INCREMENT,
  `torneo` varchar(255) COLLATE utf8_spanish_ci DEFAULT NULL,
  `temporada` int(11) DEFAULT NULL,
  `torneo_id` int(11) DEFAULT NULL,
  PRIMARY KEY (`id`)
) ENGINE=InnoDB AUTO_INCREMENT=6 DEFAULT CHARSET=utf8 COLLATE=utf8_spanish_ci;

-- ----------------------------
-- Records of torneo_temporada
-- ----------------------------
INSERT INTO `torneo_temporada` VALUES ('1', 'Torneo Apertura', '1', '1');
INSERT INTO `torneo_temporada` VALUES ('2', 'Torneo Clausura', '2', '1');
INSERT INTO `torneo_temporada` VALUES ('3', 'Torneo Intermedia', '1', '2');
INSERT INTO `torneo_temporada` VALUES ('4', 'Campeonato Uruguayo', '1', '3');
